Temporada,Torneo,Columna_3,Columna_4,Columna_5,Columna_6,Columna_7,Columna_8,Columna_9,Columna_10,Columna_11,Columna_12,Columna_13
2024-2025,Clausura,"Viernes 3 de Enero de 2025
Temporada 2024-2025
Torneo Clausura
Jornada 1
3 Enero 2025 - 19:00 hrs.",,1 - 3,,Jalisco,,,,,,
2024-2025,Clausura,"Sábado 4 de Enero de 2025
Temporada 2024-2025
Torneo Clausura
Jornada 1
4 Enero 2025 - 12:00 hrs.",,2 - 0,,Olímpico Universitario,,,,,,
2024-2025,Clausura,"Domingo 5 de Enero de 2025
Temporada 2024-2025
Torneo Clausura
Jornada 1
5 Enero 2025 - 19:00 hrs.",,1 - 1,,Nou Camp,,,,,,
2024-2025,Clausura,"Domingo 5 de Enero de 2025
Temporada 2024-2025
Torneo Clausura
Jornada 1
5 Enero 2025 - 20:06 hrs.",,0 - 7,,El Encanto,,,,,,
2024-2025,Clausura,"Lunes 6 de Enero de 2025
Temporada 2024-2025
Torneo Clausura
Jornada 1
6 Enero 2025 - 17:00 hrs.",,0 - 3,,Victoria,,,,,,
2024-2025,Clausura,"Lunes 6 de Enero de 2025
Temporada 2024-2025
Torneo Clausura
Jornada 1
6 Enero 2025 - 17:00 hrs.",,1 - 7,,La Corregidora,,,,,,
2024-2025,Clausura,"Lunes 6 de Enero de 2025
Temporada 2024-2025
Torneo Clausura
Jornada 1
6 Enero 2025 - 18:00 hrs.",,3 - 0,,Olímpico Benito Juárez,,,,,,
2024-2025,Clausura,"Lunes 6 de Enero de 2025
Temporada 2024-2025
Torneo Clausura
Jornada 1
6 Enero 2025 - 19:10 hrs.",,2 - 1,,Ciudad De Los Deportes,,,,,,
2024-2025,Clausura,"Lunes 6 de Enero de 2025
Temporada 2024-2025
Torneo Clausura
Jornada 1
6 Enero 2025 - 21:06 hrs.",,1 - 2,,Universitario,,,,,,
2024-2025,Clausura,"Jueves 9 de Enero de 2025
Temporada 2024-2025
Torneo Clausura
Jornada 2
9 Enero 2025 - 17:00 hrs.",,5 - 0,,Nemesio Diez,,,,,,
2024-2025,Clausura,"Jueves 9 de Enero de 2025
Temporada 2024-2025
Torneo Clausura
Jornada 2
9 Enero 2025 - 19:00 hrs.",,2 - 3,,Jalisco,,,,,,
2024-2025,Clausura,"Jueves 9 de Enero de 2025
Temporada 2024-2025
Torneo Clausura
Jornada 2
9 Enero 2025 - 21:00 hrs.",,2 - 1,,Estadio BBVA,,,,,,
2024-2025,Clausura,"Viernes 10 de Enero de 2025
Temporada 2024-2025
Torneo Clausura
Jornada 2
10 Enero 2025 - 17:00 hrs.",,0 - 1,,TSM Corona,,,,,,
2024-2025,Clausura,"Viernes 10 de Enero de 2025
Temporada 2024-2025
Torneo Clausura
Jornada 2
10 Enero 2025 - 17:00 hrs.",,7 - 0,,Ciudad De Los Deportes,,,,,,
2024-2025,Clausura,"Sábado 11 de Enero de 2025
Temporada 2024-2025
Torneo Clausura
Jornada 2
11 Enero 2025 - 17:00 hrs.",,0 - 1,,Nou Camp,,,,,,
2024-2025,Clausura,"Domingo 12 de Enero de 2025
Temporada 2024-2025
Torneo Clausura
Jornada 2
12 Enero 2025 - 12:00 hrs.",,0 - 3,,Cuauhtémoc,,,,,,
2024-2025,Clausura,"Domingo 12 de Enero de 2025
Temporada 2024-2025
Torneo Clausura
Jornada 2
12 Enero 2025 - 15:45 hrs.",,1 - 1,,Instalaciones la Noria Cancha 1,,,,,,
2024-2025,Clausura,"Domingo 12 de Enero de 2025
Temporada 2024-2025
Torneo Clausura
Jornada 2
12 Enero 2025 - 17:00 hrs.",,1 - 0,,Olímpico Benito Juárez,,,,,,
2024-2025,Clausura,"Martes 14 de Enero de 2025
Temporada 2024-2025
Torneo Clausura
Jornada 3
14 Enero 2025 - 17:00 hrs.",,6 - 1,,Olímpico Universitario,,,,,,
2024-2025,Clausura,"Miércoles 15 de Enero de 2025
Temporada 2024-2025
Torneo Clausura
Jornada 3
15 Enero 2025 - 15:45 hrs.",,2 - 2,,Hidalgo,,,,,,
2024-2025,Clausura,"Miércoles 15 de Enero de 2025
Temporada 2024-2025
Torneo Clausura
Jornada 3
15 Enero 2025 - 18:00 hrs.",,1 - 0,,Alfonso Lastras Ramírez,,,,,,
2024-2025,Clausura,"Miércoles 15 de Enero de 2025
Temporada 2024-2025
Torneo Clausura
Jornada 3
15 Enero 2025 - 19:00 hrs.",,1 - 2,,Cuauhtémoc,,,,,,
2024-2025,Clausura,"Miércoles 15 de Enero de 2025
Temporada 2024-2025
Torneo Clausura
Jornada 3
15 Enero 2025 - 20:00 hrs.",,3 - 1,,La Corregidora,,,,,,
2024-2025,Clausura,"Jueves 16 de Enero de 2025
Temporada 2024-2025
Torneo Clausura
Jornada 3
16 Enero 2025 - 15:45 hrs.",,0 - 5,,Instalaciones Casa Club Necaxa Cancha 1,,,,,,
2024-2025,Clausura,"Jueves 16 de Enero de 2025
Temporada 2024-2025
Torneo Clausura
Jornada 3
16 Enero 2025 - 19:00 hrs.",,1 - 2,,Universitario,,,,,,
2024-2025,Clausura,"Jueves 16 de Enero de 2025
Temporada 2024-2025
Torneo Clausura
Jornada 3
16 Enero 2025 - 21:06 hrs.",,0 - 0,,Estadio AKRON,,,,,,
2024-2025,Clausura,"Viernes 17 de Enero de 2025
Temporada 2024-2025
Torneo Clausura
Jornada 3
17 Enero 2025 - 19:00 hrs.",,3 - 1,,Caliente,,,,,,
2024-2025,Clausura,"Domingo 19 de Enero de 2025
Temporada 2024-2025
Torneo Clausura
Jornada 4
19 Enero 2025 - 19:00 hrs.",,5 - 1,,Estadio BBVA,,,,,,
2024-2025,Clausura,"Domingo 19 de Enero de 2025
Temporada 2024-2025
Torneo Clausura
Jornada 4
19 Enero 2025 - 20:00 hrs.",,0 - 2,,El Encanto,,,,,,
2024-2025,Clausura,"Lunes 20 de Enero de 2025
Temporada 2024-2025
Torneo Clausura
Jornada 4
20 Enero 2025 - 16:30 hrs.",,2 - 2,,Nou Camp,,,,,,
2024-2025,Clausura,"Lunes 20 de Enero de 2025
Temporada 2024-2025
Torneo Clausura
Jornada 4
20 Enero 2025 - 15:45 hrs.",,1 - 1,,Olímpico Benito Juárez,,,,,,
2024-2025,Clausura,"Lunes 20 de Enero de 2025
Temporada 2024-2025
Torneo Clausura
Jornada 4
20 Enero 2025 - 17:00 hrs.",,2 - 0,,Alfonso Lastras Ramírez,,,,,,
2024-2025,Clausura,"Lunes 20 de Enero de 2025
Temporada 2024-2025
Torneo Clausura
Jornada 4
20 Enero 2025 - 19:00 hrs.",,1 - 2,,Nemesio Diez,,,,,,
2024-2025,Clausura,"Martes 21 de Enero de 2025
Temporada 2024-2025
Torneo Clausura
Jornada 4
21 Enero 2025 - 15:45 hrs.",,1 - 1,,Instalaciones la Noria Cancha 1,,,,,,
2024-2025,Clausura,"Martes 21 de Enero de 2025
Temporada 2024-2025
Torneo Clausura
Jornada 4
21 Enero 2025 - 19:00 hrs.",,0 - 3,,Jalisco,,,,,,
2024-2025,Clausura,"Martes 21 de Enero de 2025
Temporada 2024-2025
Torneo Clausura
Jornada 4
21 Enero 2025 - 21:00 hrs.",,2 - 3,,TSM Corona,,,,,,
2024-2025,Clausura,"Viernes 24 de Enero de 2025
Temporada 2024-2025
Torneo Clausura
Jornada 5
24 Enero 2025 - 16:00 hrs.",,- - -,,Caliente,,,,,,
2024-2025,Clausura,"Sábado 25 de Enero de 2025
Temporada 2024-2025
Torneo Clausura
Jornada 5
25 Enero 2025 - 15:45 hrs.",,- - -,,Ciudad De Los Deportes,,,,,,
2024-2025,Clausura,"Domingo 26 de Enero de 2025
Temporada 2024-2025
Torneo Clausura
Jornada 5
26 Enero 2025 - 12:00 hrs.",,- - -,,Cuauhtémoc,,,,,,
2024-2025,Clausura,"Domingo 26 de Enero de 2025
Temporada 2024-2025
Torneo Clausura
Jornada 5
26 Enero 2025 - 15:45 hrs.",,- - -,,Instalaciones la Noria Cancha 1,,,,,,
2024-2025,Clausura,"Domingo 26 de Enero de 2025
Temporada 2024-2025
Torneo Clausura
Jornada 5
26 Enero 2025 - 17:00 hrs.",,- - -,,Estadio AKRON,,,,,,
2024-2025,Clausura,"Domingo 26 de Enero de 2025
Temporada 2024-2025
Torneo Clausura
Jornada 5
26 Enero 2025 - 19:06 hrs.",,- - -,,Universitario,,,,,,
2024-2025,Clausura,"Domingo 26 de Enero de 2025
Temporada 2024-2025
Torneo Clausura
Jornada 5
26 Enero 2025 - 21:10 hrs.",,- - -,,Hidalgo,,,,,,
2024-2025,Clausura,"Lunes 27 de Enero de 2025
Temporada 2024-2025
Torneo Clausura
Jornada 5
27 Enero 2025 - 18:00 hrs.",,- - -,,Victoria,,,,,,
2024-2025,Clausura,"Lunes 27 de Enero de 2025
Temporada 2024-2025
Torneo Clausura
Jornada 5
27 Enero 2025 - 21:00 hrs.",,- - -,,TSM Corona,,,,,,
2024-2025,Clausura,"Viernes 31 de Enero de 2025
Temporada 2024-2025
Torneo Clausura
Jornada 6
31 Enero 2025 - 17:00 hrs.",,- - -,,Jalisco,,,,,,
2024-2025,Clausura,"Viernes 31 de Enero de 2025
Temporada 2024-2025
Torneo Clausura
Jornada 6
31 Enero 2025 - 17:00 hrs.",,- - -,,Olímpico Universitario,,,,,,
2024-2025,Clausura,"Viernes 31 de Enero de 2025
Temporada 2024-2025
Torneo Clausura
Jornada 6
31 Enero 2025 - 19:00 hrs.",,- - -,,La Corregidora,,,,,,
2024-2025,Clausura,"Viernes 31 de Enero de 2025
Temporada 2024-2025
Torneo Clausura
Jornada 6
31 Enero 2025 - 19:00 hrs.",,- - -,,Alfonso Lastras Ramírez,,,,,,
2024-2025,Clausura,"Domingo 2 de Febrero de 2025
Temporada 2024-2025
Torneo Clausura
Jornada 6
2 Febrero 2025 - 19:00 hrs.",,- - -,,Estadio BBVA,,,,,,
2024-2025,Clausura,"Domingo 2 de Febrero de 2025
Temporada 2024-2025
Torneo Clausura
Jornada 6
2 Febrero 2025 - 20:00 hrs.",,- - -,,El Encanto,,,,,,
2024-2025,Clausura,"Lunes 3 de Febrero de 2025
Temporada 2024-2025
Torneo Clausura
Jornada 6
3 Febrero 2025 - 15:45 hrs.",,- - -,,Olímpico Benito Juárez,,,,,,
2024-2025,Clausura,"Lunes 3 de Febrero de 2025
Temporada 2024-2025
Torneo Clausura
Jornada 6
3 Febrero 2025 - 17:00 hrs.",,- - -,,Victoria,,,,,,
2024-2025,Clausura,"Lunes 3 de Febrero de 2025
Temporada 2024-2025
Torneo Clausura
Jornada 6
3 Febrero 2025 - 19:00 hrs.",,- - -,,Hidalgo,,,,,,
2024-2025,Clausura,"Miércoles 5 de Febrero de 2025
Temporada 2024-2025
Torneo Clausura
Jornada 7
5 Febrero 2025 - 15:45 hrs.",,- - -,,Instalaciones la Noria Cancha 1,,,,,,
2024-2025,Clausura,"Miércoles 5 de Febrero de 2025
Temporada 2024-2025
Torneo Clausura
Jornada 7
5 Febrero 2025 - 17:00 hrs.",,- - -,,Cuauhtémoc,,,,,,
2024-2025,Clausura,"Miércoles 5 de Febrero de 2025
Temporada 2024-2025
Torneo Clausura
Jornada 7
5 Febrero 2025 - 18:00 hrs.",,- - -,,Nemesio Diez,,,,,,
2024-2025,Clausura,"Miércoles 5 de Febrero de 2025
Temporada 2024-2025
Torneo Clausura
Jornada 7
5 Febrero 2025 - 20:00 hrs.",,- - -,,Estadio BBVA,,,,,,
2024-2025,Clausura,"Jueves 6 de Febrero de 2025
Temporada 2024-2025
Torneo Clausura
Jornada 7
6 Febrero 2025 - 19:00 hrs.",,- - -,,Estadio AKRON,,,,,,
2024-2025,Clausura,"Jueves 6 de Febrero de 2025
Temporada 2024-2025
Torneo Clausura
Jornada 7
6 Febrero 2025 - 20:00 hrs.",,- - -,,Ciudad De Los Deportes,,,,,,
2024-2025,Clausura,"Jueves 6 de Febrero de 2025
Temporada 2024-2025
Torneo Clausura
Jornada 7
6 Febrero 2025 - 21:00 hrs.",,- - -,,TSM Corona,,,,,,
2024-2025,Clausura,"Jueves 6 de Febrero de 2025
Temporada 2024-2025
Torneo Clausura
Jornada 7
6 Febrero 2025 - 20:06 hrs.",,- - -,,Olímpico Benito Juárez,,,,,,
2024-2025,Clausura,"Viernes 7 de Febrero de 2025
Temporada 2024-2025
Torneo Clausura
Jornada 7
7 Febrero 2025 - 19:00 hrs.",,- - -,,Nou Camp,,,,,,
2024-2025,Clausura,"Domingo 9 de Febrero de 2025
Temporada 2024-2025
Torneo Clausura
Jornada 8
9 Febrero 2025 - 12:00 hrs.",,- - -,,Nemesio Diez,,,,,,
2024-2025,Clausura,"Lunes 10 de Febrero de 2025
Temporada 2024-2025
Torneo Clausura
Jornada 8
10 Febrero 2025 - 17:00 hrs.",,- - -,,Universitario,,,,,,
2024-2025,Clausura,"Lunes 10 de Febrero de 2025
Temporada 2024-2025
Torneo Clausura
Jornada 8
10 Febrero 2025 - 17:00 hrs.",,- - -,,Olímpico Universitario,,,,,,
2024-2025,Clausura,"Lunes 10 de Febrero de 2025
Temporada 2024-2025
Torneo Clausura
Jornada 8
10 Febrero 2025 - 19:00 hrs.",,- - -,,La Corregidora,,,,,,
2024-2025,Clausura,"Lunes 10 de Febrero de 2025
Temporada 2024-2025
Torneo Clausura
Jornada 8
10 Febrero 2025 - 19:06 hrs.",,- - -,,Hidalgo,,,,,,
2024-2025,Clausura,"Lunes 10 de Febrero de 2025
Temporada 2024-2025
Torneo Clausura
Jornada 8
10 Febrero 2025 - 20:00 hrs.",,- - -,,Ciudad De Los Deportes,,,,,,
2024-2025,Clausura,"Lunes 10 de Febrero de 2025
Temporada 2024-2025
Torneo Clausura
Jornada 8
10 Febrero 2025 - 19:00 hrs.",,- - -,,Caliente,,,,,,
2024-2025,Clausura,"Martes 11 de Febrero de 2025
Temporada 2024-2025
Torneo Clausura
Jornada 8
11 Febrero 2025 - 19:00 hrs.",,- - -,,Jalisco,,,,,,
2024-2025,Clausura,"Martes 11 de Febrero de 2025
Temporada 2024-2025
Torneo Clausura
Jornada 8
11 Febrero 2025 - 20:06 hrs.",,- - -,,El Encanto,,,,,,
2024-2025,Clausura,"Jueves 13 de Febrero de 2025
Temporada 2024-2025
Torneo Clausura
Jornada 9
13 Febrero 2025 - 21:00 hrs.",,- - -,,Estadio AKRON,,,,,,
2024-2025,Clausura,"Viernes 14 de Febrero de 2025
Temporada 2024-2025
Torneo Clausura
Jornada 9
14 Febrero 2025 - 16:00 hrs.",,- - -,,Victoria,,,,,,
2024-2025,Clausura,"Viernes 14 de Febrero de 2025
Temporada 2024-2025
Torneo Clausura
Jornada 9
14 Febrero 2025 - 17:00 hrs.",,- - -,,TSM Corona,,,,,,
2024-2025,Clausura,"Viernes 14 de Febrero de 2025
Temporada 2024-2025
Torneo Clausura
Jornada 9
14 Febrero 2025 - 18:00 hrs.",,- - -,,Olímpico Universitario,,,,,,
2024-2025,Clausura,"Viernes 14 de Febrero de 2025
Temporada 2024-2025
Torneo Clausura
Jornada 9
14 Febrero 2025 - 20:10 hrs.",,- - -,,Estadio BBVA,,,,,,
2024-2025,Clausura,"Sábado 15 de Febrero de 2025
Temporada 2024-2025
Torneo Clausura
Jornada 9
15 Febrero 2025 - 17:00 hrs.",,- - -,,Alfonso Lastras Ramírez,,,,,,
2024-2025,Clausura,"Domingo 16 de Febrero de 2025
Temporada 2024-2025
Torneo Clausura
Jornada 9
16 Febrero 2025 - 12:00 hrs.",,- - -,,Cuauhtémoc,,,,,,
2024-2025,Clausura,"Domingo 16 de Febrero de 2025
Temporada 2024-2025
Torneo Clausura
Jornada 9
16 Febrero 2025 - 17:00 hrs.",,- - -,,Nou Camp,,,,,,
2024-2025,Clausura,"Domingo 16 de Febrero de 2025
Temporada 2024-2025
Torneo Clausura
Jornada 9
16 Febrero 2025 - 20:00 hrs.",,- - -,,Olímpico Benito Juárez,,,,,,
2024-2025,Clausura,"Jueves 27 de Febrero de 2025
Temporada 2024-2025
Torneo Clausura
Jornada 13
27 Febrero 2025 - 18:00 hrs.",,- - -,,Nemesio Diez,,,,,,
2024-2025,Clausura,"Viernes 28 de Febrero de 2025
Temporada 2024-2025
Torneo Clausura
Jornada 10
28 Febrero 2025 - 20:00 hrs.",,- - -,,Ciudad De Los Deportes,,,,,,
2024-2025,Clausura,"Domingo 2 de Marzo de 2025
Temporada 2024-2025
Torneo Clausura
Jornada 10
2 Marzo 2025 - 16:00 hrs.",,- - -,,Caliente,,,,,,
2024-2025,Clausura,"Domingo 2 de Marzo de 2025
Temporada 2024-2025
Torneo Clausura
Jornada 10
2 Marzo 2025 - 19:00 hrs.",,- - -,,El Encanto,,,,,,
2024-2025,Clausura,"Lunes 3 de Marzo de 2025
Temporada 2024-2025
Torneo Clausura
Jornada 10
3 Marzo 2025 - 15:45 hrs.",,- - -,,Instalaciones La Noria Cancha 1,,,,,,
2024-2025,Clausura,"Lunes 3 de Marzo de 2025
Temporada 2024-2025
Torneo Clausura
Jornada 10
3 Marzo 2025 - 19:00 hrs.",,- - -,,Jalisco,,,,,,
2024-2025,Clausura,"Lunes 3 de Marzo de 2025
Temporada 2024-2025
Torneo Clausura
Jornada 10
3 Marzo 2025 - 19:00 hrs.",,- - -,,Universitario,,,,,,
2024-2025,Clausura,"Lunes 3 de Marzo de 2025
Temporada 2024-2025
Torneo Clausura
Jornada 10
3 Marzo 2025 - 21:06 hrs.",,- - -,,Hidalgo,,,,,,
2024-2025,Clausura,"Martes 4 de Marzo de 2025
Temporada 2024-2025
Torneo Clausura
Jornada 10
4 Marzo 2025 - 17:00 hrs.",,- - -,,Nemesio Diez,,,,,,
2024-2025,Clausura,"Martes 4 de Marzo de 2025
Temporada 2024-2025
Torneo Clausura
Jornada 10
4 Marzo 2025 - 19:00 hrs.",,- - -,,La Corregidora,,,,,,
2024-2025,Clausura,"Jueves 6 de Marzo de 2025
Temporada 2024-2025
Torneo Clausura
Jornada 11
6 Marzo 2025 - 17:00 hrs.",,- - -,,Victoria,,,,,,
2024-2025,Clausura,"Jueves 6 de Marzo de 2025
Temporada 2024-2025
Torneo Clausura
Jornada 11
6 Marzo 2025 - 19:00 hrs.",,- - -,,Estadio BBVA,,,,,,
2024-2025,Clausura,"Viernes 7 de Marzo de 2025
Temporada 2024-2025
Torneo Clausura
Jornada 11
7 Marzo 2025 - 16:00 hrs.",,- - -,,Olímpico Universitario,,,,,,
2024-2025,Clausura,"Viernes 7 de Marzo de 2025
Temporada 2024-2025
Torneo Clausura
Jornada 11
7 Marzo 2025 - 19:00 hrs.",,- - -,,Estadio AKRON,,,,,,
2024-2025,Clausura,"Domingo 9 de Marzo de 2025
Temporada 2024-2025
Torneo Clausura
Jornada 11
9 Marzo 2025 - 12:00 hrs.",,- - -,,Cuauhtémoc,,,,,,
2024-2025,Clausura,"Domingo 9 de Marzo de 2025
Temporada 2024-2025
Torneo Clausura
Jornada 11
9 Marzo 2025 - 17:00 hrs.",,- - -,,Alfonso Lastras Ramírez,,,,,,
2024-2025,Clausura,"Lunes 10 de Marzo de 2025
Temporada 2024-2025
Torneo Clausura
Jornada 11
10 Marzo 2025 - 19:00 hrs.",,- - -,,Nou Camp,,,,,,
2024-2025,Clausura,"Lunes 10 de Marzo de 2025
Temporada 2024-2025
Torneo Clausura
Jornada 11
10 Marzo 2025 - 19:00 hrs.",,- - -,,TSM Corona,,,,,,
2024-2025,Clausura,"Lunes 10 de Marzo de 2025
Temporada 2024-2025
Torneo Clausura
Jornada 11
10 Marzo 2025 - 21:06 hrs.",,- - -,,Olímpico Benito Juárez,,,,,,
2024-2025,Clausura,"Miércoles 12 de Marzo de 2025
Temporada 2024-2025
Torneo Clausura
Jornada 12
12 Marzo 2025 - 19:00 hrs.",,- - -,,Hidalgo,,,,,,
2024-2025,Clausura,"Miércoles 12 de Marzo de 2025
Temporada 2024-2025
Torneo Clausura
Jornada 12
12 Marzo 2025 - 20:00 hrs.",,- - -,,Ciudad De Los Deportes,,,,,,
2024-2025,Clausura,"Jueves 13 de Marzo de 2025
Temporada 2024-2025
Torneo Clausura
Jornada 12
13 Marzo 2025 - 15:45 hrs.",,- - -,,Instalaciones La Noria Cancha 1,,,,,,
2024-2025,Clausura,"Jueves 13 de Marzo de 2025
Temporada 2024-2025
Torneo Clausura
Jornada 12
13 Marzo 2025 - 17:00 hrs.",,- - -,,La Corregidora,,,,,,
2024-2025,Clausura,"Jueves 13 de Marzo de 2025
Temporada 2024-2025
Torneo Clausura
Jornada 12
13 Marzo 2025 - 18:00 hrs.",,- - -,,Victoria,,,,,,
2024-2025,Clausura,"Jueves 13 de Marzo de 2025
Temporada 2024-2025
Torneo Clausura
Jornada 12
13 Marzo 2025 - 19:00 hrs.",,- - -,,Jalisco,,,,,,
2024-2025,Clausura,"Jueves 13 de Marzo de 2025
Temporada 2024-2025
Torneo Clausura
Jornada 12
13 Marzo 2025 - 20:00 hrs.",,- - -,,Caliente,,,,,,
2024-2025,Clausura,"Viernes 14 de Marzo de 2025
Temporada 2024-2025
Torneo Clausura
Jornada 12
14 Marzo 2025 - 18:00 hrs.",,- - -,,El Encanto,,,,,,
2024-2025,Clausura,"Viernes 14 de Marzo de 2025
Temporada 2024-2025
Torneo Clausura
Jornada 12
14 Marzo 2025 - 21:06 hrs.",,- - -,,Universitario,,,,,,
2024-2025,Clausura,"Domingo 16 de Marzo de 2025
Temporada 2024-2025
Torneo Clausura
Jornada 13
16 Marzo 2025 - 12:00 hrs.",,- - -,,Cuauhtémoc,,,,,,
2024-2025,Clausura,"Domingo 16 de Marzo de 2025
Temporada 2024-2025
Torneo Clausura
Jornada 13
16 Marzo 2025 - 18:00 hrs.",,- - -,,Olímpico Benito Juárez,,,,,,
2024-2025,Clausura,"Lunes 17 de Marzo de 2025
Temporada 2024-2025
Torneo Clausura
Jornada 13
17 Marzo 2025 - 16:00 hrs.",,- - -,,Olímpico Universitario,,,,,,
2024-2025,Clausura,"Lunes 17 de Marzo de 2025
Temporada 2024-2025
Torneo Clausura
Jornada 13
17 Marzo 2025 - 19:00 hrs.",,- - -,,Universitario,,,,,,
2024-2025,Clausura,"Lunes 17 de Marzo de 2025
Temporada 2024-2025
Torneo Clausura
Jornada 13
17 Marzo 2025 - 21:06 hrs.",,- - -,,Nou Camp,,,,,,
2024-2025,Clausura,"Martes 18 de Marzo de 2025
Temporada 2024-2025
Torneo Clausura
Jornada 13
18 Marzo 2025 - 17:00 hrs.",,- - -,,Alfonso Lastras Ramírez,,,,,,
2024-2025,Clausura,"Martes 18 de Marzo de 2025
Temporada 2024-2025
Torneo Clausura
Jornada 13
18 Marzo 2025 - 19:00 hrs.",,- - -,,Jalisco,,,,,,
2024-2025,Clausura,"Martes 18 de Marzo de 2025
Temporada 2024-2025
Torneo Clausura
Jornada 13
18 Marzo 2025 - 21:00 hrs.",,- - -,,TSM Corona,,,,,,
2024-2025,Clausura,"Jueves 20 de Marzo de 2025
Temporada 2024-2025
Torneo Clausura
Jornada 14
20 Marzo 2025 - 17:00 hrs.",,- - -,,Hidalgo,,,,,,
2024-2025,Clausura,"Viernes 21 de Marzo de 2025
Temporada 2024-2025
Torneo Clausura
Jornada 14
21 Marzo 2025 - 20:00 hrs.",,- - -,,Caliente,,,,,,
2024-2025,Clausura,"Sábado 22 de Marzo de 2025
Temporada 2024-2025
Torneo Clausura
Jornada 14
22 Marzo 2025 - 15:45 hrs.",,- - -,,Instalaciones la Noria Cancha 1,,,,,,
2024-2025,Clausura,"Sábado 22 de Marzo de 2025
Temporada 2024-2025
Torneo Clausura
Jornada 14
22 Marzo 2025 - 18:00 hrs.",,- - -,,Victoria,,,,,,
2024-2025,Clausura,"Sábado 22 de Marzo de 2025
Temporada 2024-2025
Torneo Clausura
Jornada 14
22 Marzo 2025 - 20:10 hrs.",,- - -,,Ciudad De Los Deportes,,,,,,
2024-2025,Clausura,"Domingo 23 de Marzo de 2025
Temporada 2024-2025
Torneo Clausura
Jornada 14
23 Marzo 2025 - 12:00 hrs.",,- - -,,Cuauhtémoc,,,,,,
2024-2025,Clausura,"Domingo 23 de Marzo de 2025
Temporada 2024-2025
Torneo Clausura
Jornada 14
23 Marzo 2025 - 19:06 hrs.",,- - -,,Estadio AKRON,,,,,,
2024-2025,Clausura,"Lunes 24 de Marzo de 2025
Temporada 2024-2025
Torneo Clausura
Jornada 14
24 Marzo 2025 - 18:00 hrs.",,- - -,,Estadio Olímpico Alameda,,,,,,
2024-2025,Clausura,"Lunes 24 de Marzo de 2025
Temporada 2024-2025
Torneo Clausura
Jornada 15
24 Marzo 2025 - 18:05 hrs.",,- - -,,Caliente,,,,,,
2024-2025,Clausura,"Lunes 24 de Marzo de 2025
Temporada 2024-2025
Torneo Clausura
Jornada 14
24 Marzo 2025 - 20:00 hrs.",,- - -,,Estadio BBVA,,,,,,
2024-2025,Clausura,"Viernes 28 de Marzo de 2025
Temporada 2024-2025
Torneo Clausura
Jornada 15
28 Marzo 2025 - 15:45 hrs.",,- - -,,Instalaciones la Noria Cancha 1,,,,,,
2024-2025,Clausura,"Viernes 28 de Marzo de 2025
Temporada 2024-2025
Torneo Clausura
Jornada 15
28 Marzo 2025 - 17:00 hrs.",,- - -,,El Encanto,,,,,,
2024-2025,Clausura,"Viernes 28 de Marzo de 2025
Temporada 2024-2025
Torneo Clausura
Jornada 15
28 Marzo 2025 - 20:00 hrs.",,- - -,,TSM Corona,,,,,,
2024-2025,Clausura,"Sábado 29 de Marzo de 2025
Temporada 2024-2025
Torneo Clausura
Jornada 15
29 Marzo 2025 - 17:00 hrs.",,- - -,,Nou Camp,,,,,,
2024-2025,Clausura,"Domingo 30 de Marzo de 2025
Temporada 2024-2025
Torneo Clausura
Jornada 15
30 Marzo 2025 - 12:00 hrs.",,- - -,,Nemesio Diez,,,,,,
2024-2025,Clausura,"Domingo 30 de Marzo de 2025
Temporada 2024-2025
Torneo Clausura
Jornada 15
30 Marzo 2025 - 17:00 hrs.",,- - -,,Alfonso Lastras Ramírez,,,,,,
2024-2025,Clausura,"Domingo 30 de Marzo de 2025
Temporada 2024-2025
Torneo Clausura
Jornada 15
30 Marzo 2025 - 17:00 hrs.",,- - -,,Estadio AKRON,,,,,,
2024-2025,Clausura,"Domingo 30 de Marzo de 2025
Temporada 2024-2025
Torneo Clausura
Jornada 15
30 Marzo 2025 - 21:06 hrs.",,- - -,,Universitario,,,,,,
2024-2025,Clausura,"Sábado 12 de Abril de 2025
Temporada 2024-2025
Torneo Clausura
Jornada 16
12 Abril 2025 - 16:00 hrs.",,- - -,,Victoria,,,,,,
2024-2025,Clausura,"Domingo 13 de Abril de 2025
Temporada 2024-2025
Torneo Clausura
Jornada 16
13 Abril 2025 - 12:00 hrs.",,- - -,,Cuauhtémoc,,,,,,
2024-2025,Clausura,"Domingo 13 de Abril de 2025
Temporada 2024-2025
Torneo Clausura
Jornada 16
13 Abril 2025 - 12:00 hrs.",,- - -,,Olímpico Universitario,,,,,,
2024-2025,Clausura,"Domingo 13 de Abril de 2025
Temporada 2024-2025
Torneo Clausura
Jornada 16
13 Abril 2025 - 17:00 hrs.",,- - -,,Jalisco,,,,,,
2024-2025,Clausura,"Domingo 13 de Abril de 2025
Temporada 2024-2025
Torneo Clausura
Jornada 16
13 Abril 2025 - 17:00 hrs.",,- - -,,Ciudad De Los Deportes,,,,,,
2024-2025,Clausura,"Domingo 13 de Abril de 2025
Temporada 2024-2025
Torneo Clausura
Jornada 16
13 Abril 2025 - 19:00 hrs.",,- - -,,Hidalgo,,,,,,
2024-2025,Clausura,"Domingo 13 de Abril de 2025
Temporada 2024-2025
Torneo Clausura
Jornada 16
13 Abril 2025 - 21:06 hrs.",,- - -,,Olímpico Benito Juárez,,,,,,
2024-2025,Clausura,"Lunes 14 de Abril de 2025
Temporada 2024-2025
Torneo Clausura
Jornada 16
14 Abril 2025 - 21:00 hrs.",,- - -,,Estadio BBVA,,,,,,
2024-2025,Clausura,"Lunes 14 de Abril de 2025
Temporada 2024-2025
Torneo Clausura
Jornada 16
14 Abril 2025 - 21:06 hrs.",,- - -,,Nou Camp,,,,,,
2024-2025,Clausura,"Jueves 17 de Abril de 2025
Temporada 2024-2025
Torneo Clausura
Jornada 17
17 Abril 2025 - 15:45 hrs.",,- - -,,Instalaciones la Noria Cancha 1,,,,,,
2024-2025,Clausura,"Jueves 17 de Abril de 2025
Temporada 2024-2025
Torneo Clausura
Jornada 17
17 Abril 2025 - 17:00 hrs.",,- - -,,Alfonso Lastras Ramírez,,,,,,
2024-2025,Clausura,"Jueves 17 de Abril de 2025
Temporada 2024-2025
Torneo Clausura
Jornada 17
17 Abril 2025 - 19:00 hrs.",,- - -,,Estadio AKRON,,,,,,
2024-2025,Clausura,"Jueves 17 de Abril de 2025
Temporada 2024-2025
Torneo Clausura
Jornada 17
17 Abril 2025 - 20:06 hrs.",,- - -,,El Encanto,,,,,,
2024-2025,Clausura,"Viernes 18 de Abril de 2025
Temporada 2024-2025
Torneo Clausura
Jornada 17
18 Abril 2025 - 17:00 hrs.",,- - -,,La Corregidora,,,,,,
2024-2025,Clausura,"Viernes 18 de Abril de 2025
Temporada 2024-2025
Torneo Clausura
Jornada 17
18 Abril 2025 - 17:00 hrs.",,- - -,,Nemesio Diez,,,,,,
2024-2025,Clausura,"Viernes 18 de Abril de 2025
Temporada 2024-2025
Torneo Clausura
Jornada 17
18 Abril 2025 - 18:00 hrs.",,- - -,,Caliente,,,,,,
2024-2025,Clausura,"Viernes 18 de Abril de 2025
Temporada 2024-2025
Torneo Clausura
Jornada 17
18 Abril 2025 - 19:00 hrs.",,- - -,,Hidalgo,,,,,,
2024-2025,Clausura,"Viernes 18 de Abril de 2025
Temporada 2024-2025
Torneo Clausura
Jornada 17
18 Abril 2025 - 20:10 hrs.",,- - -,,Estadio BBVA,,,,,,
