2024-2025,Clausura,  Viernes 3 de Enero de 2025-nTemporada 2024-2025-nTorneo Clausura-nJornada 1-n3 Enero 2025 - 1900 hrs.,  https--www.ligafemenil.mx-cancha-informeArbitral-144853-eyJpZENsdWJsb2NhbCI6MTEyNDUsImlkQ2x1YnZpc2l0YSI6MTExOTJ9-informe-arbitral-atlas-vs-santos-laguna-jornada-1-estadio-jalisco-calientemx,  1 - 3,  https--www.ligafemenil.mx-cancha-estadio-5-estadio-jalisco,  Jalisco,  https--www.ligafemenil.mx-cancha-galeria-MTQ0ODUzLzEvNzUvMi8xNA==-atlas-vs-santos-laguna,  ,  https--www.ligafemenil.mx-cancha-playlist-144853-atlas-vs-santos-laguna,  
2024-2025,Clausura,  Sábado 4 de Enero de 2025-nTemporada 2024-2025-nTorneo Clausura-nJornada 1-n4 Enero 2025 - 1200 hrs.,  https--www.ligafemenil.mx-cancha-informeArbitral-144854-eyJpZENsdWJsb2NhbCI6MTExODgsImlkQ2x1YnZpc2l0YSI6MTE3Nzh9-informe-arbitral-pumas-vs-club-atletico-de-san-luis-jornada-1-estadio-olimpico-universitario-lmxf-tv--vix,  2 - 0,  https--www.ligafemenil.mx-cancha-estadio-7-estadio-olimpico-universitario,  Olímpico Universitario,  https--www.ligafemenil.mx-cancha-galeria-MTQ0ODU0LzEvNzUvMi8xNA==-pumas-vs-club-atletico-de-san-luis,  ,  https--www.ligafemenil.mx-cancha-playlist-144854-pumas-vs-club-atletico-de-san-luis,  
2024-2025,Clausura,  Domingo 5 de Enero de 2025-nTemporada 2024-2025-nTorneo Clausura-nJornada 1-n5 Enero 2025 - 1900 hrs.,  https--www.ligafemenil.mx-cancha-informeArbitral-144859-eyJpZENsdWJsb2NhbCI6MTEyNDMsImlkQ2x1YnZpc2l0YSI6MTExODd9-informe-arbitral-leon-vs-toluca-jornada-1-estadio-nou-camp-fox-sports,  1 - 1,  https--www.ligafemenil.mx-cancha-estadio-23-estadio-nou-camp,  Nou Camp,  https--www.ligafemenil.mx-cancha-galeria-MTQ0ODU5LzEvNzUvMi8xNA==-leon-vs-toluca,  ,  https--www.ligafemenil.mx-cancha-playlist-144859-leon-vs-toluca,  
2024-2025,Clausura,  Domingo 5 de Enero de 2025-nTemporada 2024-2025-nTorneo Clausura-nJornada 1-n5 Enero 2025 - 2006 hrs.,  https--www.ligafemenil.mx-cancha-informeArbitral-144864-eyJpZENsdWJsb2NhbCI6MTIwNTEsImlkQ2x1YnZpc2l0YSI6MTExODV9-informe-arbitral-mazatlan-fc-vs-rayados-de-monterrey-jornada-1-estadio-el-encanto-fox-sports,  0 - 7,  https--www.ligafemenil.mx-cancha-estadio-1931-estadio-el-encanto,  El Encanto,  https--www.ligafemenil.mx-cancha-galeria-MTQ0ODY0LzEvNzUvMi8xNA==-mazatlan-fc-vs-rayados-de-monterrey,  ,  https--www.ligafemenil.mx-cancha-playlist-144864-mazatlan-fc-vs-rayados-de-monterrey,  
2024-2025,Clausura,  Lunes 6 de Enero de 2025-nTemporada 2024-2025-nTorneo Clausura-nJornada 1-n6 Enero 2025 - 1700 hrs.,  https--www.ligafemenil.mx-cancha-informeArbitral-144867-eyJpZENsdWJsb2NhbCI6MTExODksImlkQ2x1YnZpc2l0YSI6MTExODJ9-informe-arbitral-necaxa-vs-guadalajara-jornada-1-estadio-victoria-lmxf-tv--vix,  0 - 3,  https--www.ligafemenil.mx-cancha-estadio-15-estadio-victoria,  Victoria,  https--www.ligafemenil.mx-cancha-galeria-MTQ0ODY3LzEvNzUvMi8xNA==-necaxa-vs-guadalajara,  ,  https--www.ligafemenil.mx-cancha-playlist-144867-necaxa-vs-guadalajara,  
2024-2025,Clausura,  Lunes 6 de Enero de 2025-nTemporada 2024-2025-nTorneo Clausura-nJornada 1-n6 Enero 2025 - 1700 hrs.,  https--www.ligafemenil.mx-cancha-informeArbitral-144852-eyJpZENsdWJsb2NhbCI6MTIwNDIsImlkQ2x1YnZpc2l0YSI6MTExODR9-informe-arbitral-gallos-blancos-de-queretaro-vs-pachuca-jornada-1-estadio-la-corregidora-calientemx,  1 - 7,  https--www.ligafemenil.mx-cancha-estadio-25-estadio-la-corregidora,  La Corregidora,  https--www.ligafemenil.mx-cancha-galeria-MTQ0ODUyLzEvNzUvMi8xNA==-gallos-blancos-de-queretaro-vs-pachuca,  ,  https--www.ligafemenil.mx-cancha-playlist-144852-gallos-blancos-de-queretaro-vs-pachuca,  
2024-2025,Clausura,  Lunes 6 de Enero de 2025-nTemporada 2024-2025-nTorneo Clausura-nJornada 1-n6 Enero 2025 - 1800 hrs.,  https--www.ligafemenil.mx-cancha-informeArbitral-144872-eyJpZENsdWJsb2NhbCI6MTE3OTUsImlkQ2x1YnZpc2l0YSI6MTE1NDN9-informe-arbitral-fc-juarez-vs-puebla-fc-jornada-1-estadio-olimpico-benito-juarez-youtube,  3 - 0,  https--www.ligafemenil.mx-cancha-estadio-17-estadio-olimpico-benito-juarez,  Olímpico Benito Juárez,  https--www.ligafemenil.mx-cancha-galeria-MTQ0ODcyLzEvNzUvMi8xNA==-fc-juarez-vs-puebla-fc,  ,  https--www.ligafemenil.mx-cancha-playlist-144872-fc-juarez-vs-puebla-fc,  
2024-2025,Clausura,  Lunes 6 de Enero de 2025-nTemporada 2024-2025-nTorneo Clausura-nJornada 1-n6 Enero 2025 - 1910 hrs.,  https--www.ligafemenil.mx-cancha-informeArbitral-144870-eyJpZENsdWJsb2NhbCI6MTExOTEsImlkQ2x1YnZpc2l0YSI6MTExODF9-informe-arbitral-america-vs-cruz-azul-jornada-1-estadio-ciudad-de-los-deportes-lmxf-tv--vix,  2 - 1,  https--www.ligafemenil.mx-cancha-estadio-2-estadio-ciudad-de-los-deportes,  Ciudad De Los Deportes,  https--www.ligafemenil.mx-cancha-galeria-MTQ0ODcwLzEvNzUvMi8xNA==-america-vs-cruz-azul,  ,  https--www.ligafemenil.mx-cancha-playlist-144870-america-vs-cruz-azul,  
2024-2025,Clausura,  Lunes 6 de Enero de 2025-nTemporada 2024-2025-nTorneo Clausura-nJornada 1-n6 Enero 2025 - 2106 hrs.,  https--www.ligafemenil.mx-cancha-informeArbitral-144877-eyJpZENsdWJsb2NhbCI6MTExODYsImlkQ2x1YnZpc2l0YSI6MTExODB9-informe-arbitral-tigres-de-la-uanl-vs-tijuana-jornada-1-estadio-universitario-fox-sports,  1 - 2,  https--www.ligafemenil.mx-cancha-estadio-12-estadio-universitario,  Universitario,  https--www.ligafemenil.mx-cancha-galeria-MTQ0ODc3LzEvNzUvMi8xNA==-tigres-de-la-uanl-vs-tijuana,  ,  https--www.ligafemenil.mx-cancha-playlist-144877-tigres-de-la-uanl-vs-tijuana,  
2024-2025,Clausura,  Jueves 9 de Enero de 2025-nTemporada 2024-2025-nTorneo Clausura-nJornada 2-n9 Enero 2025 - 1700 hrs.,  https--www.ligafemenil.mx-cancha-informeArbitral-144885-eyJpZENsdWJsb2NhbCI6MTExODcsImlkQ2x1YnZpc2l0YSI6MTIwNTF9-informe-arbitral-toluca-vs-mazatlan-fc-jornada-2-estadio-nemesio-diez-lmxf-tv--vix,  5 - 0,  https--www.ligafemenil.mx-cancha-estadio-6-estadio-nemesio-diez,  Nemesio Diez,  https--www.ligafemenil.mx-cancha-galeria-MTQ0ODg1LzIvNzUvMi8xNA==-toluca-vs-mazatlan-fc,  ,  https--www.ligafemenil.mx-cancha-playlist-144885-toluca-vs-mazatlan-fc,  
2024-2025,Clausura,  Jueves 9 de Enero de 2025-nTemporada 2024-2025-nTorneo Clausura-nJornada 2-n9 Enero 2025 - 1900 hrs.,  https--www.ligafemenil.mx-cancha-informeArbitral-144882-eyJpZENsdWJsb2NhbCI6MTEyNDUsImlkQ2x1YnZpc2l0YSI6MTExODR9-informe-arbitral-atlas-vs-pachuca-jornada-2-estadio-jalisco-calientemx,  2 - 3,  https--www.ligafemenil.mx-cancha-estadio-5-estadio-jalisco,  Jalisco,  https--www.ligafemenil.mx-cancha-galeria-MTQ0ODgyLzIvNzUvMi8xNA==-atlas-vs-pachuca,  ,  https--www.ligafemenil.mx-cancha-playlist-144882-atlas-vs-pachuca,  
2024-2025,Clausura,  Jueves 9 de Enero de 2025-nTemporada 2024-2025-nTorneo Clausura-nJornada 2-n9 Enero 2025 - 2100 hrs.,  https--www.ligafemenil.mx-cancha-informeArbitral-144883-eyJpZENsdWJsb2NhbCI6MTExODUsImlkQ2x1YnZpc2l0YSI6MTExODh9-informe-arbitral-rayados-de-monterrey-vs-pumas-jornada-2-estadio-bbva-canal-9--lmxf-tv-vix,  2 - 1,  https--www.ligafemenil.mx-cancha-estadio-1608-estadio-bbva,  Estadio BBVA,  https--www.ligafemenil.mx-cancha-galeria-MTQ0ODgzLzIvNzUvMi8xNA==-rayados-de-monterrey-vs-pumas,  ,  https--www.ligafemenil.mx-cancha-playlist-144883-rayados-de-monterrey-vs-pumas,  
2024-2025,Clausura,  Viernes 10 de Enero de 2025-nTemporada 2024-2025-nTorneo Clausura-nJornada 2-n10 Enero 2025 - 1700 hrs.,  https--www.ligafemenil.mx-cancha-informeArbitral-144892-eyJpZENsdWJsb2NhbCI6MTExOTIsImlkQ2x1YnZpc2l0YSI6MTExODJ9-informe-arbitral-santos-laguna-vs-guadalajara-jornada-2-estadio-tsm-corona-calientemx,  0 - 1,  https--www.ligafemenil.mx-cancha-estadio-63-estadio-tsm-corona,  TSM Corona,  https--www.ligafemenil.mx-cancha-galeria-MTQ0ODkyLzIvNzUvMi8xNA==-santos-laguna-vs-guadalajara,  ,  https--www.ligafemenil.mx-cancha-playlist-144892-santos-laguna-vs-guadalajara,  
2024-2025,Clausura,  Viernes 10 de Enero de 2025-nTemporada 2024-2025-nTorneo Clausura-nJornada 2-n10 Enero 2025 - 1700 hrs.,  https--www.ligafemenil.mx-cancha-informeArbitral-144894-eyJpZENsdWJsb2NhbCI6MTExOTEsImlkQ2x1YnZpc2l0YSI6MTIwNDJ9-informe-arbitral-america-vs-gallos-blancos-de-queretaro-jornada-2-estadio-ciudad-de-los-deportes-lmxf-tv--vix,  7 - 0,  https--www.ligafemenil.mx-cancha-estadio-2-estadio-ciudad-de-los-deportes,  Ciudad De Los Deportes,  https--www.ligafemenil.mx-cancha-galeria-MTQ0ODk0LzIvNzUvMi8xNA==-america-vs-gallos-blancos-de-queretaro,  ,  https--www.ligafemenil.mx-cancha-playlist-144894-america-vs-gallos-blancos-de-queretaro,  
2024-2025,Clausura,  Sábado 11 de Enero de 2025-nTemporada 2024-2025-nTorneo Clausura-nJornada 2-n11 Enero 2025 - 1700 hrs.,  https--www.ligafemenil.mx-cancha-informeArbitral-144896-eyJpZENsdWJsb2NhbCI6MTEyNDMsImlkQ2x1YnZpc2l0YSI6MTE3Nzh9-informe-arbitral-leon-vs-club-atletico-de-san-luis-jornada-2-estadio-nou-camp-fox-sports,  0 - 1,  https--www.ligafemenil.mx-cancha-estadio-23-estadio-nou-camp,  Nou Camp,  https--www.ligafemenil.mx-cancha-galeria-MTQ0ODk2LzIvNzUvMi8xNA==-leon-vs-club-atletico-de-san-luis,  ,  https--www.ligafemenil.mx-cancha-playlist-144896-leon-vs-club-atletico-de-san-luis,  
2024-2025,Clausura,  Domingo 12 de Enero de 2025-nTemporada 2024-2025-nTorneo Clausura-nJornada 2-n12 Enero 2025 - 1200 hrs.,  https--www.ligafemenil.mx-cancha-informeArbitral-144899-eyJpZENsdWJsb2NhbCI6MTE1NDMsImlkQ2x1YnZpc2l0YSI6MTExODZ9-informe-arbitral-puebla-fc-vs-tigres-de-la-uanl-jornada-2-estadio-cuauhtemoc-fox-sports,  0 - 3,  https--www.ligafemenil.mx-cancha-estadio-9-estadio-cuauhtemoc,  Cuauhtémoc,  https--www.ligafemenil.mx-cancha-galeria-MTQ0ODk5LzIvNzUvMi8xNA==-puebla-fc-vs-tigres-de-la-uanl,  ,  https--www.ligafemenil.mx-cancha-playlist-144899-puebla-fc-vs-tigres-de-la-uanl,  
2024-2025,Clausura,  Domingo 12 de Enero de 2025-nTemporada 2024-2025-nTorneo Clausura-nJornada 2-n12 Enero 2025 - 1545 hrs.,  https--www.ligafemenil.mx-cancha-informeArbitral-144901-eyJpZENsdWJsb2NhbCI6MTExODEsImlkQ2x1YnZpc2l0YSI6MTExODB9-informe-arbitral-cruz-azul-vs-tijuana-jornada-2-estadio-instalaciones-la-noria-cancha-1-lmxf-tv--vix,  1 - 1,  https--www.ligafemenil.mx-cancha-estadio-1549-estadio-instalaciones-la-noria-cancha-1,  Instalaciones la Noria Cancha 1,  https--www.ligafemenil.mx-cancha-galeria-MTQ0OTAxLzIvNzUvMi8xNA==-cruz-azul-vs-tijuana,  ,  https--www.ligafemenil.mx-cancha-playlist-144901-cruz-azul-vs-tijuana,  
2024-2025,Clausura,  Domingo 12 de Enero de 2025-nTemporada 2024-2025-nTorneo Clausura-nJornada 2-n12 Enero 2025 - 1700 hrs.,  https--www.ligafemenil.mx-cancha-informeArbitral-144904-eyJpZENsdWJsb2NhbCI6MTE3OTUsImlkQ2x1YnZpc2l0YSI6MTExODl9-informe-arbitral-fc-juarez-vs-necaxa-jornada-2-estadio-olimpico-benito-juarez-youtube,  1 - 0,  https--www.ligafemenil.mx-cancha-estadio-17-estadio-olimpico-benito-juarez,  Olímpico Benito Juárez,  https--www.ligafemenil.mx-cancha-galeria-MTQ0OTA0LzIvNzUvMi8xNA==-fc-juarez-vs-necaxa,  ,  https--www.ligafemenil.mx-cancha-playlist-144904-fc-juarez-vs-necaxa,  
2024-2025,Clausura,  Martes 14 de Enero de 2025-nTemporada 2024-2025-nTorneo Clausura-nJornada 3-n14 Enero 2025 - 1700 hrs.,  https--www.ligafemenil.mx-cancha-informeArbitral-144917-eyJpZENsdWJsb2NhbCI6MTExODgsImlkQ2x1YnZpc2l0YSI6MTExOTJ9-informe-arbitral-pumas-vs-santos-laguna-jornada-3-estadio-olimpico-universitario-lmxf-tv--vix,  6 - 1,  https--www.ligafemenil.mx-cancha-estadio-7-estadio-olimpico-universitario,  Olímpico Universitario,  https--www.ligafemenil.mx-cancha-galeria-MTQ0OTE3LzMvNzUvMi8xNA==-pumas-vs-santos-laguna,  ,  https--www.ligafemenil.mx-cancha-playlist-144917-pumas-vs-santos-laguna,  
2024-2025,Clausura,  Miércoles 15 de Enero de 2025-nTemporada 2024-2025-nTorneo Clausura-nJornada 3-n15 Enero 2025 - 1545 hrs.,  https--www.ligafemenil.mx-cancha-informeArbitral-144919-eyJpZENsdWJsb2NhbCI6MTExODQsImlkQ2x1YnZpc2l0YSI6MTExODF9-informe-arbitral-pachuca-vs-cruz-azul-jornada-3-estadio-hidalgo-fox-sports,  2 - 2,  https--www.ligafemenil.mx-cancha-estadio-11-estadio-hidalgo,  Hidalgo,  https--www.ligafemenil.mx-cancha-galeria-MTQ0OTE5LzMvNzUvMi8xNA==-pachuca-vs-cruz-azul,  ,  https--www.ligafemenil.mx-cancha-playlist-144919-pachuca-vs-cruz-azul,  
2024-2025,Clausura,  Miércoles 15 de Enero de 2025-nTemporada 2024-2025-nTorneo Clausura-nJornada 3-n15 Enero 2025 - 1800 hrs.,  https--www.ligafemenil.mx-cancha-informeArbitral-144924-eyJpZENsdWJsb2NhbCI6MTE3NzgsImlkQ2x1YnZpc2l0YSI6MTExODV9-informe-arbitral-club-atletico-de-san-luis-vs-rayados-de-monterrey-jornada-3-estadio-alfonso-lastras-ramirez-espn,  1 - 0,  https--www.ligafemenil.mx-cancha-estadio-14-estadio-alfonso-lastras-ramirez,  Alfonso Lastras Ramírez,  https--www.ligafemenil.mx-cancha-galeria-MTQ0OTI0LzMvNzUvMi8xNA==-club-atletico-de-san-luis-vs-rayados-de-monterrey,  ,  https--www.ligafemenil.mx-cancha-playlist-144924-club-atletico-de-san-luis-vs-rayados-de-monterrey,  
2024-2025,Clausura,  Miércoles 15 de Enero de 2025-nTemporada 2024-2025-nTorneo Clausura-nJornada 3-n15 Enero 2025 - 1900 hrs.,  https--www.ligafemenil.mx-cancha-informeArbitral-144930-eyJpZENsdWJsb2NhbCI6MTE1NDMsImlkQ2x1YnZpc2l0YSI6MTEyNDN9-informe-arbitral-puebla-fc-vs-leon-jornada-3-estadio-cuauhtemoc-fox-sports,  1 - 2,  https--www.ligafemenil.mx-cancha-estadio-9-estadio-cuauhtemoc,  Cuauhtémoc,  https--www.ligafemenil.mx-cancha-galeria-MTQ0OTMwLzMvNzUvMi8xNA==-puebla-fc-vs-leon,  ,  https--www.ligafemenil.mx-cancha-playlist-144930-puebla-fc-vs-leon,  
2024-2025,Clausura,  Miércoles 15 de Enero de 2025-nTemporada 2024-2025-nTorneo Clausura-nJornada 3-n15 Enero 2025 - 2000 hrs.,  https--www.ligafemenil.mx-cancha-informeArbitral-144931-eyJpZENsdWJsb2NhbCI6MTIwNDIsImlkQ2x1YnZpc2l0YSI6MTIwNTF9-informe-arbitral-gallos-blancos-de-queretaro-vs-mazatlan-fc-jornada-3-estadio-la-corregidora-calientemx,  3 - 1,  https--www.ligafemenil.mx-cancha-estadio-25-estadio-la-corregidora,  La Corregidora,  https--www.ligafemenil.mx-cancha-galeria-MTQ0OTMxLzMvNzUvMi8xNA==-gallos-blancos-de-queretaro-vs-mazatlan-fc,  ,  https--www.ligafemenil.mx-cancha-playlist-144931-gallos-blancos-de-queretaro-vs-mazatlan-fc,  
2024-2025,Clausura,  Jueves 16 de Enero de 2025-nTemporada 2024-2025-nTorneo Clausura-nJornada 3-n16 Enero 2025 - 1545 hrs.,  https--www.ligafemenil.mx-cancha-informeArbitral-144933-eyJpZENsdWJsb2NhbCI6MTExODksImlkQ2x1YnZpc2l0YSI6MTExOTF9-informe-arbitral-necaxa-vs-america-jornada-3-estadio-instalaciones-casa-club-necaxa-cancha-1-lmxf-tv--vix,  0 - 5,  https--www.ligafemenil.mx-cancha-estadio-2009-estadio-instalaciones-casa-club-necaxa-cancha-1,  Instalaciones Casa Club Necaxa Cancha 1,  https--www.ligafemenil.mx-cancha-galeria-MTQ0OTMzLzMvNzUvMi8xNA==-necaxa-vs-america,  ,  https--www.ligafemenil.mx-cancha-playlist-144933-necaxa-vs-america,  
2024-2025,Clausura,  Jueves 16 de Enero de 2025-nTemporada 2024-2025-nTorneo Clausura-nJornada 3-n16 Enero 2025 - 1900 hrs.,  https--www.ligafemenil.mx-cancha-informeArbitral-144936-eyJpZENsdWJsb2NhbCI6MTExODYsImlkQ2x1YnZpc2l0YSI6MTEyNDV9-informe-arbitral-tigres-de-la-uanl-vs-atlas-jornada-3-estadio-universitario-fox-sports,  1 - 2,  https--www.ligafemenil.mx-cancha-estadio-12-estadio-universitario,  Universitario,  https--www.ligafemenil.mx-cancha-galeria-MTQ0OTM2LzMvNzUvMi8xNA==-tigres-de-la-uanl-vs-atlas,  ,  https--www.ligafemenil.mx-cancha-playlist-144936-tigres-de-la-uanl-vs-atlas,  
2024-2025,Clausura,  Jueves 16 de Enero de 2025-nTemporada 2024-2025-nTorneo Clausura-nJornada 3-n16 Enero 2025 - 2106 hrs.,  https--www.ligafemenil.mx-cancha-informeArbitral-144937-eyJpZENsdWJsb2NhbCI6MTExODIsImlkQ2x1YnZpc2l0YSI6MTE3OTV9-informe-arbitral-guadalajara-vs-fc-juarez-jornada-3-estadio-akron-fox-sports,  0 - 0,  https--www.ligafemenil.mx-cancha-estadio-1538-estadio-akron,  Estadio AKRON,  https--www.ligafemenil.mx-cancha-galeria-MTQ0OTM3LzMvNzUvMi8xNA==-guadalajara-vs-fc-juarez,  ,  https--www.ligafemenil.mx-cancha-playlist-144937-guadalajara-vs-fc-juarez,  
2024-2025,Clausura,  Viernes 17 de Enero de 2025-nTemporada 2024-2025-nTorneo Clausura-nJornada 3-n17 Enero 2025 - 1900 hrs.,  https--www.ligafemenil.mx-cancha-informeArbitral-144939-eyJpZENsdWJsb2NhbCI6MTExODAsImlkQ2x1YnZpc2l0YSI6MTExODd9-informe-arbitral-tijuana-vs-toluca-jornada-3-estadio-caliente-calientemx,  3 - 1,  https--www.ligafemenil.mx-cancha-estadio-48-estadio-caliente,  Caliente,  https--www.ligafemenil.mx-cancha-galeria-MTQ0OTM5LzMvNzUvMi8xNA==-tijuana-vs-toluca,  ,  https--www.ligafemenil.mx-cancha-playlist-144939-tijuana-vs-toluca,  
2024-2025,Clausura,  Domingo 19 de Enero de 2025-nTemporada 2024-2025-nTorneo Clausura-nJornada 4-n19 Enero 2025 - 1900 hrs.,  https--www.ligafemenil.mx-cancha-informeArbitral-144945-eyJpZENsdWJsb2NhbCI6MTExODUsImlkQ2x1YnZpc2l0YSI6MTE1NDN9-informe-arbitral-rayados-de-monterrey-vs-puebla-fc-jornada-4-estadio-bbva-lmxf-tv--vix,  5 - 1,  https--www.ligafemenil.mx-cancha-estadio-1608-estadio-bbva,  Estadio BBVA,  https--www.ligafemenil.mx-cancha-galeria-MTQ0OTQ1LzQvNzUvMi8xNA==-rayados-de-monterrey-vs-puebla-fc,  ,  https--www.ligafemenil.mx-cancha-playlist-144945-rayados-de-monterrey-vs-puebla-fc,  
2024-2025,Clausura,  Domingo 19 de Enero de 2025-nTemporada 2024-2025-nTorneo Clausura-nJornada 4-n19 Enero 2025 - 2000 hrs.,  https--www.ligafemenil.mx-cancha-informeArbitral-144946-eyJpZENsdWJsb2NhbCI6MTIwNTEsImlkQ2x1YnZpc2l0YSI6MTExODR9-informe-arbitral-mazatlan-fc-vs-pachuca-jornada-4-estadio-el-encanto-fox-sports,  0 - 2,  https--www.ligafemenil.mx-cancha-estadio-1931-estadio-el-encanto,  El Encanto,  https--www.ligafemenil.mx-cancha-galeria-MTQ0OTQ2LzQvNzUvMi8xNA==-mazatlan-fc-vs-pachuca,  ,  https--www.ligafemenil.mx-cancha-playlist-144946-mazatlan-fc-vs-pachuca,  
2024-2025,Clausura,  Lunes 20 de Enero de 2025-nTemporada 2024-2025-nTorneo Clausura-nJornada 4-n20 Enero 2025 - 1630 hrs.,  https--www.ligafemenil.mx-cancha-informeArbitral-144951-eyJpZENsdWJsb2NhbCI6MTEyNDMsImlkQ2x1YnZpc2l0YSI6MTExODZ9-informe-arbitral-leon-vs-tigres-de-la-uanl-jornada-4-estadio-nou-camp-tbd,  2 - 2,  https--www.ligafemenil.mx-cancha-estadio-23-estadio-nou-camp,  Nou Camp,  https--www.ligafemenil.mx-cancha-galeria-MTQ0OTUxLzQvNzUvMi8xNA==-leon-vs-tigres-de-la-uanl,  ,  https--www.ligafemenil.mx-cancha-playlist-144951-leon-vs-tigres-de-la-uanl,  
2024-2025,Clausura,  Lunes 20 de Enero de 2025-nTemporada 2024-2025-nTorneo Clausura-nJornada 4-n20 Enero 2025 - 1545 hrs.,  https--www.ligafemenil.mx-cancha-informeArbitral-144955-eyJpZENsdWJsb2NhbCI6MTE3OTUsImlkQ2x1YnZpc2l0YSI6MTExODh9-informe-arbitral-fc-juarez-vs-pumas-jornada-4-estadio-olimpico-benito-juarez-nh,  1 - 1,  https--www.ligafemenil.mx-cancha-estadio-17-estadio-olimpico-benito-juarez,  Olímpico Benito Juárez,  https--www.ligafemenil.mx-cancha-galeria-MTQ0OTU1LzQvNzUvMi8xNA==-fc-juarez-vs-pumas,  ,  https--www.ligafemenil.mx-cancha-playlist-144955-fc-juarez-vs-pumas,  
2024-2025,Clausura,  Lunes 20 de Enero de 2025-nTemporada 2024-2025-nTorneo Clausura-nJornada 4-n20 Enero 2025 - 1700 hrs.,  https--www.ligafemenil.mx-cancha-informeArbitral-144949-eyJpZENsdWJsb2NhbCI6MTE3NzgsImlkQ2x1YnZpc2l0YSI6MTExODB9-informe-arbitral-club-atletico-de-san-luis-vs-tijuana-jornada-4-estadio-alfonso-lastras-ramirez-espn,  2 - 0,  https--www.ligafemenil.mx-cancha-estadio-14-estadio-alfonso-lastras-ramirez,  Alfonso Lastras Ramírez,  https--www.ligafemenil.mx-cancha-galeria-MTQ0OTQ5LzQvNzUvMi8xNA==-club-atletico-de-san-luis-vs-tijuana,  ,  https--www.ligafemenil.mx-cancha-playlist-144949-club-atletico-de-san-luis-vs-tijuana,  
2024-2025,Clausura,  Lunes 20 de Enero de 2025-nTemporada 2024-2025-nTorneo Clausura-nJornada 4-n20 Enero 2025 - 1900 hrs.,  https--www.ligafemenil.mx-cancha-informeArbitral-144953-eyJpZENsdWJsb2NhbCI6MTExODcsImlkQ2x1YnZpc2l0YSI6MTIwNDJ9-informe-arbitral-toluca-vs-gallos-blancos-de-queretaro-jornada-4-estadio-nemesio-diez-lmxf-tv--vix,  1 - 2,  https--www.ligafemenil.mx-cancha-estadio-6-estadio-nemesio-diez,  Nemesio Diez,  https--www.ligafemenil.mx-cancha-galeria-MTQ0OTUzLzQvNzUvMi8xNA==-toluca-vs-gallos-blancos-de-queretaro,  ,  https--www.ligafemenil.mx-cancha-playlist-144953-toluca-vs-gallos-blancos-de-queretaro,  
2024-2025,Clausura,  Martes 21 de Enero de 2025-nTemporada 2024-2025-nTorneo Clausura-nJornada 4-n21 Enero 2025 - 1545 hrs.,  https--www.ligafemenil.mx-cancha-informeArbitral-144957-eyJpZENsdWJsb2NhbCI6MTExODEsImlkQ2x1YnZpc2l0YSI6MTExODJ9-informe-arbitral-cruz-azul-vs-guadalajara-jornada-4-estadio-instalaciones-la-noria-cancha-1-lmxf-tv--vix,  1 - 1,  https--www.ligafemenil.mx-cancha-estadio-1549-estadio-instalaciones-la-noria-cancha-1,  Instalaciones la Noria Cancha 1,  https--www.ligafemenil.mx-cancha-galeria-MTQ0OTU3LzQvNzUvMi8xNA==-cruz-azul-vs-guadalajara,  ,  https--www.ligafemenil.mx-cancha-playlist-144957-cruz-azul-vs-guadalajara,  
2024-2025,Clausura,  Martes 21 de Enero de 2025-nTemporada 2024-2025-nTorneo Clausura-nJornada 4-n21 Enero 2025 - 1900 hrs.,  https--www.ligafemenil.mx-cancha-informeArbitral-144961-eyJpZENsdWJsb2NhbCI6MTEyNDUsImlkQ2x1YnZpc2l0YSI6MTExOTF9-informe-arbitral-atlas-vs-america-jornada-4-estadio-jalisco-calientemx,  0 - 3,  https--www.ligafemenil.mx-cancha-estadio-5-estadio-jalisco,  Jalisco,  https--www.ligafemenil.mx-cancha-galeria-MTQ0OTYxLzQvNzUvMi8xNA==-atlas-vs-america,  ,  https--www.ligafemenil.mx-cancha-playlist-144961-atlas-vs-america,  
2024-2025,Clausura,  Martes 21 de Enero de 2025-nTemporada 2024-2025-nTorneo Clausura-nJornada 4-n21 Enero 2025 - 2100 hrs.,  https--www.ligafemenil.mx-cancha-informeArbitral-144962-eyJpZENsdWJsb2NhbCI6MTExOTIsImlkQ2x1YnZpc2l0YSI6MTExODl9-informe-arbitral-santos-laguna-vs-necaxa-jornada-4-estadio-tsm-corona-calientemx,  2 - 3,  https--www.ligafemenil.mx-cancha-estadio-63-estadio-tsm-corona,  TSM Corona,  https--www.ligafemenil.mx-cancha-galeria-MTQ0OTYyLzQvNzUvMi8xNA==-santos-laguna-vs-necaxa,  ,  https--www.ligafemenil.mx-cancha-playlist-144962-santos-laguna-vs-necaxa,  
2024-2025,Clausura,  Viernes 24 de Enero de 2025-nTemporada 2024-2025-nTorneo Clausura-nJornada 5-n24 Enero 2025 - 1600 hrs.,  https--www.ligafemenil.mx-cancha-informeArbitral-144966-eyJpZENsdWJsb2NhbCI6MTExODAsImlkQ2x1YnZpc2l0YSI6MTIwNDJ9-informe-arbitral-tijuana-vs-gallos-blancos-de-queretaro-jornada-5-estadio-caliente-calientemx,  - - -,  https--www.ligafemenil.mx-cancha-estadio-48-estadio-caliente,  Caliente,  https--www.ligafemenil.mx-cancha-galeria-MTQ0OTY2LzUvNzUvMi8xNA==-tijuana-vs-gallos-blancos-de-queretaro,  ,  https--www.ligafemenil.mx-cancha-playlist-144966-tijuana-vs-gallos-blancos-de-queretaro,  
2024-2025,Clausura,  Sábado 25 de Enero de 2025-nTemporada 2024-2025-nTorneo Clausura-nJornada 5-n25 Enero 2025 - 1545 hrs.,  https--www.ligafemenil.mx-cancha-informeArbitral-144979-eyJpZENsdWJsb2NhbCI6MTExOTEsImlkQ2x1YnZpc2l0YSI6MTEyNDN9-informe-arbitral-america-vs-leon-jornada-5-estadio-ciudad-de-los-deportes-lmxf-tv--vix,  - - -,  https--www.ligafemenil.mx-cancha-estadio-2-estadio-ciudad-de-los-deportes,  Ciudad De Los Deportes,  https--www.ligafemenil.mx-cancha-galeria-MTQ0OTc5LzUvNzUvMi8xNA==-america-vs-leon,  ,  https--www.ligafemenil.mx-cancha-playlist-144979-america-vs-leon,  
2024-2025,Clausura,  Domingo 26 de Enero de 2025-nTemporada 2024-2025-nTorneo Clausura-nJornada 5-n26 Enero 2025 - 1200 hrs.,  https--www.ligafemenil.mx-cancha-informeArbitral-144967-eyJpZENsdWJsb2NhbCI6MTE1NDMsImlkQ2x1YnZpc2l0YSI6MTEyNDV9-informe-arbitral-puebla-fc-vs-atlas-jornada-5-estadio-cuauhtemoc-fox-sports,  - - -,  https--www.ligafemenil.mx-cancha-estadio-9-estadio-cuauhtemoc,  Cuauhtémoc,  https--www.ligafemenil.mx-cancha-galeria-MTQ0OTY3LzUvNzUvMi8xNA==-puebla-fc-vs-atlas,  ,  https--www.ligafemenil.mx-cancha-playlist-144967-puebla-fc-vs-atlas,  
2024-2025,Clausura,  Domingo 26 de Enero de 2025-nTemporada 2024-2025-nTorneo Clausura-nJornada 5-n26 Enero 2025 - 1545 hrs.,  https--www.ligafemenil.mx-cancha-informeArbitral-144970-eyJpZENsdWJsb2NhbCI6MTExODEsImlkQ2x1YnZpc2l0YSI6MTIwNTF9-informe-arbitral-cruz-azul-vs-mazatlan-fc-jornada-5-estadio-instalaciones-la-noria-cancha-1-lmxf-tv--vix,  - - -,  https--www.ligafemenil.mx-cancha-estadio-1549-estadio-instalaciones-la-noria-cancha-1,  Instalaciones la Noria Cancha 1,  https--www.ligafemenil.mx-cancha-galeria-MTQ0OTcwLzUvNzUvMi8xNA==-cruz-azul-vs-mazatlan-fc,  ,  https--www.ligafemenil.mx-cancha-playlist-144970-cruz-azul-vs-mazatlan-fc,  
2024-2025,Clausura,  Domingo 26 de Enero de 2025-nTemporada 2024-2025-nTorneo Clausura-nJornada 5-n26 Enero 2025 - 1700 hrs.,  https--www.ligafemenil.mx-cancha-informeArbitral-144972-eyJpZENsdWJsb2NhbCI6MTExODIsImlkQ2x1YnZpc2l0YSI6MTExODV9-informe-arbitral-guadalajara-vs-rayados-de-monterrey-jornada-5-estadio-akron-fox-sports,  - - -,  https--www.ligafemenil.mx-cancha-estadio-1538-estadio-akron,  Estadio AKRON,  https--www.ligafemenil.mx-cancha-galeria-MTQ0OTcyLzUvNzUvMi8xNA==-guadalajara-vs-rayados-de-monterrey,  ,  https--www.ligafemenil.mx-cancha-playlist-144972-guadalajara-vs-rayados-de-monterrey,  
2024-2025,Clausura,  Domingo 26 de Enero de 2025-nTemporada 2024-2025-nTorneo Clausura-nJornada 5-n26 Enero 2025 - 1906 hrs.,  https--www.ligafemenil.mx-cancha-informeArbitral-144975-eyJpZENsdWJsb2NhbCI6MTExODYsImlkQ2x1YnZpc2l0YSI6MTExODd9-informe-arbitral-tigres-de-la-uanl-vs-toluca-jornada-5-estadio-universitario-fox-sports,  - - -,  https--www.ligafemenil.mx-cancha-estadio-12-estadio-universitario,  Universitario,  https--www.ligafemenil.mx-cancha-galeria-MTQ0OTc1LzUvNzUvMi8xNA==-tigres-de-la-uanl-vs-toluca,  ,  https--www.ligafemenil.mx-cancha-playlist-144975-tigres-de-la-uanl-vs-toluca,  
2024-2025,Clausura,  Domingo 26 de Enero de 2025-nTemporada 2024-2025-nTorneo Clausura-nJornada 5-n26 Enero 2025 - 2110 hrs.,  https--www.ligafemenil.mx-cancha-informeArbitral-144976-eyJpZENsdWJsb2NhbCI6MTExODQsImlkQ2x1YnZpc2l0YSI6MTE3Nzh9-informe-arbitral-pachuca-vs-club-atletico-de-san-luis-jornada-5-estadio-hidalgo-tbd,  - - -,  https--www.ligafemenil.mx-cancha-estadio-11-estadio-hidalgo,  Hidalgo,  https--www.ligafemenil.mx-cancha-galeria-MTQ0OTc2LzUvNzUvMi8xNA==-pachuca-vs-club-atletico-de-san-luis,  ,  https--www.ligafemenil.mx-cancha-playlist-144976-pachuca-vs-club-atletico-de-san-luis,  
2024-2025,Clausura,  Lunes 27 de Enero de 2025-nTemporada 2024-2025-nTorneo Clausura-nJornada 5-n27 Enero 2025 - 1800 hrs.,  https--www.ligafemenil.mx-cancha-informeArbitral-144978-eyJpZENsdWJsb2NhbCI6MTExODksImlkQ2x1YnZpc2l0YSI6MTExODh9-informe-arbitral-necaxa-vs-pumas-jornada-5-estadio-victoria-lmxf-tv--vix,  - - -,  https--www.ligafemenil.mx-cancha-estadio-15-estadio-victoria,  Victoria,  https--www.ligafemenil.mx-cancha-galeria-MTQ0OTc4LzUvNzUvMi8xNA==-necaxa-vs-pumas,  ,  https--www.ligafemenil.mx-cancha-playlist-144978-necaxa-vs-pumas,  
2024-2025,Clausura,  Lunes 27 de Enero de 2025-nTemporada 2024-2025-nTorneo Clausura-nJornada 5-n27 Enero 2025 - 2100 hrs.,  https--www.ligafemenil.mx-cancha-informeArbitral-144980-eyJpZENsdWJsb2NhbCI6MTExOTIsImlkQ2x1YnZpc2l0YSI6MTE3OTV9-informe-arbitral-santos-laguna-vs-fc-juarez-jornada-5-estadio-tsm-corona-calientemx,  - - -,  https--www.ligafemenil.mx-cancha-estadio-63-estadio-tsm-corona,  TSM Corona,  https--www.ligafemenil.mx-cancha-galeria-MTQ0OTgwLzUvNzUvMi8xNA==-santos-laguna-vs-fc-juarez,  ,  https--www.ligafemenil.mx-cancha-playlist-144980-santos-laguna-vs-fc-juarez,  
2024-2025,Clausura,  Viernes 31 de Enero de 2025-nTemporada 2024-2025-nTorneo Clausura-nJornada 6-n31 Enero 2025 - 1700 hrs.,  https--www.ligafemenil.mx-cancha-informeArbitral-144982-eyJpZENsdWJsb2NhbCI6MTEyNDUsImlkQ2x1YnZpc2l0YSI6MTExODF9-informe-arbitral-atlas-vs-cruz-azul-jornada-6-estadio-jalisco-calientemx,  - - -,  https--www.ligafemenil.mx-cancha-estadio-5-estadio-jalisco,  Jalisco,  https--www.ligafemenil.mx-cancha-galeria-MTQ0OTgyLzYvNzUvMi8xNA==-atlas-vs-cruz-azul,  ,  https--www.ligafemenil.mx-cancha-playlist-144982-atlas-vs-cruz-azul,  
2024-2025,Clausura,  Viernes 31 de Enero de 2025-nTemporada 2024-2025-nTorneo Clausura-nJornada 6-n31 Enero 2025 - 1700 hrs.,  https--www.ligafemenil.mx-cancha-informeArbitral-144986-eyJpZENsdWJsb2NhbCI6MTExODgsImlkQ2x1YnZpc2l0YSI6MTExODd9-informe-arbitral-pumas-vs-toluca-jornada-6-estadio-olimpico-universitario-lmxf-tv--vix,  - - -,  https--www.ligafemenil.mx-cancha-estadio-7-estadio-olimpico-universitario,  Olímpico Universitario,  https--www.ligafemenil.mx-cancha-galeria-MTQ0OTg2LzYvNzUvMi8xNA==-pumas-vs-toluca,  ,  https--www.ligafemenil.mx-cancha-playlist-144986-pumas-vs-toluca,  
2024-2025,Clausura,  Viernes 31 de Enero de 2025-nTemporada 2024-2025-nTorneo Clausura-nJornada 6-n31 Enero 2025 - 1900 hrs.,  https--www.ligafemenil.mx-cancha-informeArbitral-144988-eyJpZENsdWJsb2NhbCI6MTIwNDIsImlkQ2x1YnZpc2l0YSI6MTExODZ9-informe-arbitral-gallos-blancos-de-queretaro-vs-tigres-de-la-uanl-jornada-6-estadio-la-corregidora-calientemx,  - - -,  https--www.ligafemenil.mx-cancha-estadio-25-estadio-la-corregidora,  La Corregidora,  https--www.ligafemenil.mx-cancha-galeria-MTQ0OTg4LzYvNzUvMi8xNA==-gallos-blancos-de-queretaro-vs-tigres-de-la-uanl,  ,  https--www.ligafemenil.mx-cancha-playlist-144988-gallos-blancos-de-queretaro-vs-tigres-de-la-uanl,  
2024-2025,Clausura,  Viernes 31 de Enero de 2025-nTemporada 2024-2025-nTorneo Clausura-nJornada 6-n31 Enero 2025 - 1900 hrs.,  https--www.ligafemenil.mx-cancha-informeArbitral-144990-eyJpZENsdWJsb2NhbCI6MTE3NzgsImlkQ2x1YnZpc2l0YSI6MTExOTJ9-informe-arbitral-club-atletico-de-san-luis-vs-santos-laguna-jornada-6-estadio-alfonso-lastras-ramirez-espn,  - - -,  https--www.ligafemenil.mx-cancha-estadio-14-estadio-alfonso-lastras-ramirez,  Alfonso Lastras Ramírez,  https--www.ligafemenil.mx-cancha-galeria-MTQ0OTkwLzYvNzUvMi8xNA==-club-atletico-de-san-luis-vs-santos-laguna,  ,  https--www.ligafemenil.mx-cancha-playlist-144990-club-atletico-de-san-luis-vs-santos-laguna,  
2024-2025,Clausura,  Domingo 2 de Febrero de 2025-nTemporada 2024-2025-nTorneo Clausura-nJornada 6-n2 Febrero 2025 - 1900 hrs.,  https--www.ligafemenil.mx-cancha-informeArbitral-144992-eyJpZENsdWJsb2NhbCI6MTExODUsImlkQ2x1YnZpc2l0YSI6MTExODB9-informe-arbitral-rayados-de-monterrey-vs-tijuana-jornada-6-estadio-bbva-lmxf-tv--vix,  - - -,  https--www.ligafemenil.mx-cancha-estadio-1608-estadio-bbva,  Estadio BBVA,  https--www.ligafemenil.mx-cancha-galeria-MTQ0OTkyLzYvNzUvMi8xNA==-rayados-de-monterrey-vs-tijuana,  ,  https--www.ligafemenil.mx-cancha-playlist-144992-rayados-de-monterrey-vs-tijuana,  
2024-2025,Clausura,  Domingo 2 de Febrero de 2025-nTemporada 2024-2025-nTorneo Clausura-nJornada 6-n2 Febrero 2025 - 2000 hrs.,  https--www.ligafemenil.mx-cancha-informeArbitral-144993-eyJpZENsdWJsb2NhbCI6MTIwNTEsImlkQ2x1YnZpc2l0YSI6MTExODJ9-informe-arbitral-mazatlan-fc-vs-guadalajara-jornada-6-estadio-el-encanto-fox-sports,  - - -,  https--www.ligafemenil.mx-cancha-estadio-1931-estadio-el-encanto,  El Encanto,  https--www.ligafemenil.mx-cancha-galeria-MTQ0OTkzLzYvNzUvMi8xNA==-mazatlan-fc-vs-guadalajara,  ,  https--www.ligafemenil.mx-cancha-playlist-144993-mazatlan-fc-vs-guadalajara,  
2024-2025,Clausura,  Lunes 3 de Febrero de 2025-nTemporada 2024-2025-nTorneo Clausura-nJornada 6-n3 Febrero 2025 - 1545 hrs.,  https--www.ligafemenil.mx-cancha-informeArbitral-144998-eyJpZENsdWJsb2NhbCI6MTE3OTUsImlkQ2x1YnZpc2l0YSI6MTEyNDN9-informe-arbitral-fc-juarez-vs-leon-jornada-6-estadio-olimpico-benito-juarez-nh,  - - -,  https--www.ligafemenil.mx-cancha-estadio-17-estadio-olimpico-benito-juarez,  Olímpico Benito Juárez,  https--www.ligafemenil.mx-cancha-galeria-MTQ0OTk4LzYvNzUvMi8xNA==-fc-juarez-vs-leon,  ,  https--www.ligafemenil.mx-cancha-playlist-144998-fc-juarez-vs-leon,  
2024-2025,Clausura,  Lunes 3 de Febrero de 2025-nTemporada 2024-2025-nTorneo Clausura-nJornada 6-n3 Febrero 2025 - 1700 hrs.,  https--www.ligafemenil.mx-cancha-informeArbitral-144995-eyJpZENsdWJsb2NhbCI6MTExODksImlkQ2x1YnZpc2l0YSI6MTE1NDN9-informe-arbitral-necaxa-vs-puebla-fc-jornada-6-estadio-victoria-lmxf-tv,  - - -,  https--www.ligafemenil.mx-cancha-estadio-15-estadio-victoria,  Victoria,  https--www.ligafemenil.mx-cancha-galeria-MTQ0OTk1LzYvNzUvMi8xNA==-necaxa-vs-puebla-fc,  ,  https--www.ligafemenil.mx-cancha-playlist-144995-necaxa-vs-puebla-fc,  
2024-2025,Clausura,  Lunes 3 de Febrero de 2025-nTemporada 2024-2025-nTorneo Clausura-nJornada 6-n3 Febrero 2025 - 1900 hrs.,  https--www.ligafemenil.mx-cancha-informeArbitral-144997-eyJpZENsdWJsb2NhbCI6MTExODQsImlkQ2x1YnZpc2l0YSI6MTExOTF9-informe-arbitral-pachuca-vs-america-jornada-6-estadio-hidalgo-tbd,  - - -,  https--www.ligafemenil.mx-cancha-estadio-11-estadio-hidalgo,  Hidalgo,  https--www.ligafemenil.mx-cancha-galeria-MTQ0OTk3LzYvNzUvMi8xNA==-pachuca-vs-america,  ,  https--www.ligafemenil.mx-cancha-playlist-144997-pachuca-vs-america,  
2024-2025,Clausura,  Miércoles 5 de Febrero de 2025-nTemporada 2024-2025-nTorneo Clausura-nJornada 7-n5 Febrero 2025 - 1545 hrs.,  https--www.ligafemenil.mx-cancha-informeArbitral-145005-eyJpZENsdWJsb2NhbCI6MTExODEsImlkQ2x1YnZpc2l0YSI6MTExODZ9-informe-arbitral-cruz-azul-vs-tigres-de-la-uanl-jornada-7-estadio-instalaciones-la-noria-cancha-1-lmxf-tv--vix,  - - -,  https--www.ligafemenil.mx-cancha-estadio-1549-estadio-instalaciones-la-noria-cancha-1,  Instalaciones la Noria Cancha 1,  https--www.ligafemenil.mx-cancha-galeria-MTQ1MDA1LzcvNzUvMi8xNA==-cruz-azul-vs-tigres-de-la-uanl,  ,  https--www.ligafemenil.mx-cancha-playlist-145005-cruz-azul-vs-tigres-de-la-uanl,  
2024-2025,Clausura,  Miércoles 5 de Febrero de 2025-nTemporada 2024-2025-nTorneo Clausura-nJornada 7-n5 Febrero 2025 - 1700 hrs.,  https--www.ligafemenil.mx-cancha-informeArbitral-145007-eyJpZENsdWJsb2NhbCI6MTE1NDMsImlkQ2x1YnZpc2l0YSI6MTExODh9-informe-arbitral-puebla-fc-vs-pumas-jornada-7-estadio-cuauhtemoc-fox-sports,  - - -,  https--www.ligafemenil.mx-cancha-estadio-9-estadio-cuauhtemoc,  Cuauhtémoc,  https--www.ligafemenil.mx-cancha-galeria-MTQ1MDA3LzcvNzUvMi8xNA==-puebla-fc-vs-pumas,  ,  https--www.ligafemenil.mx-cancha-playlist-145007-puebla-fc-vs-pumas,  
2024-2025,Clausura,  Miércoles 5 de Febrero de 2025-nTemporada 2024-2025-nTorneo Clausura-nJornada 7-n5 Febrero 2025 - 1800 hrs.,  https--www.ligafemenil.mx-cancha-informeArbitral-145008-eyJpZENsdWJsb2NhbCI6MTExODcsImlkQ2x1YnZpc2l0YSI6MTEyNDV9-informe-arbitral-toluca-vs-atlas-jornada-7-estadio-nemesio-diez-lmxf-tv--vix,  - - -,  https--www.ligafemenil.mx-cancha-estadio-6-estadio-nemesio-diez,  Nemesio Diez,  https--www.ligafemenil.mx-cancha-galeria-MTQ1MDA4LzcvNzUvMi8xNA==-toluca-vs-atlas,  ,  https--www.ligafemenil.mx-cancha-playlist-145008-toluca-vs-atlas,  
2024-2025,Clausura,  Miércoles 5 de Febrero de 2025-nTemporada 2024-2025-nTorneo Clausura-nJornada 7-n5 Febrero 2025 - 2000 hrs.,  https--www.ligafemenil.mx-cancha-informeArbitral-145010-eyJpZENsdWJsb2NhbCI6MTExODUsImlkQ2x1YnZpc2l0YSI6MTExODl9-informe-arbitral-rayados-de-monterrey-vs-necaxa-jornada-7-estadio-bbva-lmxf-tv--vix,  - - -,  https--www.ligafemenil.mx-cancha-estadio-1608-estadio-bbva,  Estadio BBVA,  https--www.ligafemenil.mx-cancha-galeria-MTQ1MDEwLzcvNzUvMi8xNA==-rayados-de-monterrey-vs-necaxa,  ,  https--www.ligafemenil.mx-cancha-playlist-145010-rayados-de-monterrey-vs-necaxa,  
2024-2025,Clausura,  Jueves 6 de Febrero de 2025-nTemporada 2024-2025-nTorneo Clausura-nJornada 7-n6 Febrero 2025 - 1900 hrs.,  https--www.ligafemenil.mx-cancha-informeArbitral-145014-eyJpZENsdWJsb2NhbCI6MTExODIsImlkQ2x1YnZpc2l0YSI6MTE3Nzh9-informe-arbitral-guadalajara-vs-club-atletico-de-san-luis-jornada-7-estadio-akron-fox-sports,  - - -,  https--www.ligafemenil.mx-cancha-estadio-1538-estadio-akron,  Estadio AKRON,  https--www.ligafemenil.mx-cancha-galeria-MTQ1MDE0LzcvNzUvMi8xNA==-guadalajara-vs-club-atletico-de-san-luis,  ,  https--www.ligafemenil.mx-cancha-playlist-145014-guadalajara-vs-club-atletico-de-san-luis,  
2024-2025,Clausura,  Jueves 6 de Febrero de 2025-nTemporada 2024-2025-nTorneo Clausura-nJornada 7-n6 Febrero 2025 - 2000 hrs.,  https--www.ligafemenil.mx-cancha-informeArbitral-145012-eyJpZENsdWJsb2NhbCI6MTExOTEsImlkQ2x1YnZpc2l0YSI6MTIwNTF9-informe-arbitral-america-vs-mazatlan-fc-jornada-7-estadio-ciudad-de-los-deportes-lmxf-tv--vix,  - - -,  https--www.ligafemenil.mx-cancha-estadio-2-estadio-ciudad-de-los-deportes,  Ciudad De Los Deportes,  https--www.ligafemenil.mx-cancha-galeria-MTQ1MDEyLzcvNzUvMi8xNA==-america-vs-mazatlan-fc,  ,  https--www.ligafemenil.mx-cancha-playlist-145012-america-vs-mazatlan-fc,  
2024-2025,Clausura,  Jueves 6 de Febrero de 2025-nTemporada 2024-2025-nTorneo Clausura-nJornada 7-n6 Febrero 2025 - 2100 hrs.,  https--www.ligafemenil.mx-cancha-informeArbitral-145017-eyJpZENsdWJsb2NhbCI6MTExOTIsImlkQ2x1YnZpc2l0YSI6MTExODB9-informe-arbitral-santos-laguna-vs-tijuana-jornada-7-estadio-tsm-corona-calientemx,  - - -,  https--www.ligafemenil.mx-cancha-estadio-63-estadio-tsm-corona,  TSM Corona,  https--www.ligafemenil.mx-cancha-galeria-MTQ1MDE3LzcvNzUvMi8xNA==-santos-laguna-vs-tijuana,  ,  https--www.ligafemenil.mx-cancha-playlist-145017-santos-laguna-vs-tijuana,  
2024-2025,Clausura,  Jueves 6 de Febrero de 2025-nTemporada 2024-2025-nTorneo Clausura-nJornada 7-n6 Febrero 2025 - 2006 hrs.,  https--www.ligafemenil.mx-cancha-informeArbitral-145019-eyJpZENsdWJsb2NhbCI6MTE3OTUsImlkQ2x1YnZpc2l0YSI6MTIwNDJ9-informe-arbitral-fc-juarez-vs-gallos-blancos-de-queretaro-jornada-7-estadio-olimpico-benito-juarez-tbd,  - - -,  https--www.ligafemenil.mx-cancha-estadio-17-estadio-olimpico-benito-juarez,  Olímpico Benito Juárez,  https--www.ligafemenil.mx-cancha-galeria-MTQ1MDE5LzcvNzUvMi8xNA==-fc-juarez-vs-gallos-blancos-de-queretaro,  ,  https--www.ligafemenil.mx-cancha-playlist-145019-fc-juarez-vs-gallos-blancos-de-queretaro,  
2024-2025,Clausura,  Viernes 7 de Febrero de 2025-nTemporada 2024-2025-nTorneo Clausura-nJornada 7-n7 Febrero 2025 - 1900 hrs.,  https--www.ligafemenil.mx-cancha-informeArbitral-145021-eyJpZENsdWJsb2NhbCI6MTEyNDMsImlkQ2x1YnZpc2l0YSI6MTExODR9-informe-arbitral-leon-vs-pachuca-jornada-7-estadio-nou-camp-tbd,  - - -,  https--www.ligafemenil.mx-cancha-estadio-23-estadio-nou-camp,  Nou Camp,  https--www.ligafemenil.mx-cancha-galeria-MTQ1MDIxLzcvNzUvMi8xNA==-leon-vs-pachuca,  ,  https--www.ligafemenil.mx-cancha-playlist-145021-leon-vs-pachuca,  
2024-2025,Clausura,  Domingo 9 de Febrero de 2025-nTemporada 2024-2025-nTorneo Clausura-nJornada 8-n9 Febrero 2025 - 1200 hrs.,  https--www.ligafemenil.mx-cancha-informeArbitral-145026-eyJpZENsdWJsb2NhbCI6MTExODcsImlkQ2x1YnZpc2l0YSI6MTExOTJ9-informe-arbitral-toluca-vs-santos-laguna-jornada-8-estadio-nemesio-diez-lmxf-tv--vix,  - - -,  https--www.ligafemenil.mx-cancha-estadio-6-estadio-nemesio-diez,  Nemesio Diez,  https--www.ligafemenil.mx-cancha-galeria-MTQ1MDI2LzgvNzUvMi8xNA==-toluca-vs-santos-laguna,  ,  https--www.ligafemenil.mx-cancha-playlist-145026-toluca-vs-santos-laguna,  
2024-2025,Clausura,  Lunes 10 de Febrero de 2025-nTemporada 2024-2025-nTorneo Clausura-nJornada 8-n10 Febrero 2025 - 1700 hrs.,  https--www.ligafemenil.mx-cancha-informeArbitral-145029-eyJpZENsdWJsb2NhbCI6MTExODYsImlkQ2x1YnZpc2l0YSI6MTE3Nzh9-informe-arbitral-tigres-de-la-uanl-vs-club-atletico-de-san-luis-jornada-8-estadio-universitario-fox-sports,  - - -,  https--www.ligafemenil.mx-cancha-estadio-12-estadio-universitario,  Universitario,  https--www.ligafemenil.mx-cancha-galeria-MTQ1MDI5LzgvNzUvMi8xNA==-tigres-de-la-uanl-vs-club-atletico-de-san-luis,  ,  https--www.ligafemenil.mx-cancha-playlist-145029-tigres-de-la-uanl-vs-club-atletico-de-san-luis,  
2024-2025,Clausura,  Lunes 10 de Febrero de 2025-nTemporada 2024-2025-nTorneo Clausura-nJornada 8-n10 Febrero 2025 - 1700 hrs.,  https--www.ligafemenil.mx-cancha-informeArbitral-145032-eyJpZENsdWJsb2NhbCI6MTExODgsImlkQ2x1YnZpc2l0YSI6MTExODF9-informe-arbitral-pumas-vs-cruz-azul-jornada-8-estadio-olimpico-universitario-lmxf-tv--vix,  - - -,  https--www.ligafemenil.mx-cancha-estadio-7-estadio-olimpico-universitario,  Olímpico Universitario,  https--www.ligafemenil.mx-cancha-galeria-MTQ1MDMyLzgvNzUvMi8xNA==-pumas-vs-cruz-azul,  ,  https--www.ligafemenil.mx-cancha-playlist-145032-pumas-vs-cruz-azul,  
2024-2025,Clausura,  Lunes 10 de Febrero de 2025-nTemporada 2024-2025-nTorneo Clausura-nJornada 8-n10 Febrero 2025 - 1900 hrs.,  https--www.ligafemenil.mx-cancha-informeArbitral-145034-eyJpZENsdWJsb2NhbCI6MTIwNDIsImlkQ2x1YnZpc2l0YSI6MTE1NDN9-informe-arbitral-gallos-blancos-de-queretaro-vs-puebla-fc-jornada-8-estadio-la-corregidora-calientemx,  - - -,  https--www.ligafemenil.mx-cancha-estadio-25-estadio-la-corregidora,  La Corregidora,  https--www.ligafemenil.mx-cancha-galeria-MTQ1MDM0LzgvNzUvMi8xNA==-gallos-blancos-de-queretaro-vs-puebla-fc,  ,  https--www.ligafemenil.mx-cancha-playlist-145034-gallos-blancos-de-queretaro-vs-puebla-fc,  
2024-2025,Clausura,  Lunes 10 de Febrero de 2025-nTemporada 2024-2025-nTorneo Clausura-nJornada 8-n10 Febrero 2025 - 1906 hrs.,  https--www.ligafemenil.mx-cancha-informeArbitral-145036-eyJpZENsdWJsb2NhbCI6MTExODQsImlkQ2x1YnZpc2l0YSI6MTE3OTV9-informe-arbitral-pachuca-vs-fc-juarez-jornada-8-estadio-hidalgo-tbd,  - - -,  https--www.ligafemenil.mx-cancha-estadio-11-estadio-hidalgo,  Hidalgo,  https--www.ligafemenil.mx-cancha-galeria-MTQ1MDM2LzgvNzUvMi8xNA==-pachuca-vs-fc-juarez,  ,  https--www.ligafemenil.mx-cancha-playlist-145036-pachuca-vs-fc-juarez,  
2024-2025,Clausura,  Lunes 10 de Febrero de 2025-nTemporada 2024-2025-nTorneo Clausura-nJornada 8-n10 Febrero 2025 - 2000 hrs.,  https--www.ligafemenil.mx-cancha-informeArbitral-145038-eyJpZENsdWJsb2NhbCI6MTExOTEsImlkQ2x1YnZpc2l0YSI6MTExODV9-informe-arbitral-america-vs-rayados-de-monterrey-jornada-8-estadio-ciudad-de-los-deportes-lmxf-tv--vix,  - - -,  https--www.ligafemenil.mx-cancha-estadio-2-estadio-ciudad-de-los-deportes,  Ciudad De Los Deportes,  https--www.ligafemenil.mx-cancha-galeria-MTQ1MDM4LzgvNzUvMi8xNA==-america-vs-rayados-de-monterrey,  ,  https--www.ligafemenil.mx-cancha-playlist-145038-america-vs-rayados-de-monterrey,  
2024-2025,Clausura,  Lunes 10 de Febrero de 2025-nTemporada 2024-2025-nTorneo Clausura-nJornada 8-n10 Febrero 2025 - 1900 hrs.,  https--www.ligafemenil.mx-cancha-informeArbitral-145040-eyJpZENsdWJsb2NhbCI6MTExODAsImlkQ2x1YnZpc2l0YSI6MTExODJ9-informe-arbitral-tijuana-vs-guadalajara-jornada-8-estadio-caliente-calientemx,  - - -,  https--www.ligafemenil.mx-cancha-estadio-48-estadio-caliente,  Caliente,  https--www.ligafemenil.mx-cancha-galeria-MTQ1MDQwLzgvNzUvMi8xNA==-tijuana-vs-guadalajara,  ,  https--www.ligafemenil.mx-cancha-playlist-145040-tijuana-vs-guadalajara,  
2024-2025,Clausura,  Martes 11 de Febrero de 2025-nTemporada 2024-2025-nTorneo Clausura-nJornada 8-n11 Febrero 2025 - 1900 hrs.,  https--www.ligafemenil.mx-cancha-informeArbitral-145041-eyJpZENsdWJsb2NhbCI6MTEyNDUsImlkQ2x1YnZpc2l0YSI6MTExODl9-informe-arbitral-atlas-vs-necaxa-jornada-8-estadio-jalisco-calientemx,  - - -,  https--www.ligafemenil.mx-cancha-estadio-5-estadio-jalisco,  Jalisco,  https--www.ligafemenil.mx-cancha-galeria-MTQ1MDQxLzgvNzUvMi8xNA==-atlas-vs-necaxa,  ,  https--www.ligafemenil.mx-cancha-playlist-145041-atlas-vs-necaxa,  
2024-2025,Clausura,  Martes 11 de Febrero de 2025-nTemporada 2024-2025-nTorneo Clausura-nJornada 8-n11 Febrero 2025 - 2006 hrs.,  https--www.ligafemenil.mx-cancha-informeArbitral-145043-eyJpZENsdWJsb2NhbCI6MTIwNTEsImlkQ2x1YnZpc2l0YSI6MTEyNDN9-informe-arbitral-mazatlan-fc-vs-leon-jornada-8-estadio-el-encanto-fox-sports,  - - -,  https--www.ligafemenil.mx-cancha-estadio-1931-estadio-el-encanto,  El Encanto,  https--www.ligafemenil.mx-cancha-galeria-MTQ1MDQzLzgvNzUvMi8xNA==-mazatlan-fc-vs-leon,  ,  https--www.ligafemenil.mx-cancha-playlist-145043-mazatlan-fc-vs-leon,  
2024-2025,Clausura,  Jueves 13 de Febrero de 2025-nTemporada 2024-2025-nTorneo Clausura-nJornada 9-n13 Febrero 2025 - 2100 hrs.,  https--www.ligafemenil.mx-cancha-informeArbitral-145049-eyJpZENsdWJsb2NhbCI6MTExODIsImlkQ2x1YnZpc2l0YSI6MTExODd9-informe-arbitral-guadalajara-vs-toluca-jornada-9-estadio-akron-fox-sports,  - - -,  https--www.ligafemenil.mx-cancha-estadio-1538-estadio-akron,  Estadio AKRON,  https--www.ligafemenil.mx-cancha-galeria-MTQ1MDQ5LzkvNzUvMi8xNA==-guadalajara-vs-toluca,  ,  https--www.ligafemenil.mx-cancha-playlist-145049-guadalajara-vs-toluca,  
2024-2025,Clausura,  Viernes 14 de Febrero de 2025-nTemporada 2024-2025-nTorneo Clausura-nJornada 9-n14 Febrero 2025 - 1600 hrs.,  https--www.ligafemenil.mx-cancha-informeArbitral-145051-eyJpZENsdWJsb2NhbCI6MTExODksImlkQ2x1YnZpc2l0YSI6MTExODB9-informe-arbitral-necaxa-vs-tijuana-jornada-9-estadio-victoria-lmxf-tv--vix,  - - -,  https--www.ligafemenil.mx-cancha-estadio-15-estadio-victoria,  Victoria,  https--www.ligafemenil.mx-cancha-galeria-MTQ1MDUxLzkvNzUvMi8xNA==-necaxa-vs-tijuana,  ,  https--www.ligafemenil.mx-cancha-playlist-145051-necaxa-vs-tijuana,  
2024-2025,Clausura,  Viernes 14 de Febrero de 2025-nTemporada 2024-2025-nTorneo Clausura-nJornada 9-n14 Febrero 2025 - 1700 hrs.,  https--www.ligafemenil.mx-cancha-informeArbitral-145052-eyJpZENsdWJsb2NhbCI6MTExOTIsImlkQ2x1YnZpc2l0YSI6MTExODR9-informe-arbitral-santos-laguna-vs-pachuca-jornada-9-estadio-tsm-corona-calientemx,  - - -,  https--www.ligafemenil.mx-cancha-estadio-63-estadio-tsm-corona,  TSM Corona,  https--www.ligafemenil.mx-cancha-galeria-MTQ1MDUyLzkvNzUvMi8xNA==-santos-laguna-vs-pachuca,  ,  https--www.ligafemenil.mx-cancha-playlist-145052-santos-laguna-vs-pachuca,  
2024-2025,Clausura,  Viernes 14 de Febrero de 2025-nTemporada 2024-2025-nTorneo Clausura-nJornada 9-n14 Febrero 2025 - 1800 hrs.,  https--www.ligafemenil.mx-cancha-informeArbitral-145056-eyJpZENsdWJsb2NhbCI6MTExODgsImlkQ2x1YnZpc2l0YSI6MTExOTF9-informe-arbitral-pumas-vs-america-jornada-9-estadio-olimpico-universitario-lmxf-tv--vix,  - - -,  https--www.ligafemenil.mx-cancha-estadio-7-estadio-olimpico-universitario,  Olímpico Universitario,  https--www.ligafemenil.mx-cancha-galeria-MTQ1MDU2LzkvNzUvMi8xNA==-pumas-vs-america,  ,  https--www.ligafemenil.mx-cancha-playlist-145056-pumas-vs-america,  
2024-2025,Clausura,  Viernes 14 de Febrero de 2025-nTemporada 2024-2025-nTorneo Clausura-nJornada 9-n14 Febrero 2025 - 2010 hrs.,  https--www.ligafemenil.mx-cancha-informeArbitral-145067-eyJpZENsdWJsb2NhbCI6MTExODUsImlkQ2x1YnZpc2l0YSI6MTExODZ9-informe-arbitral-rayados-de-monterrey-vs-tigres-de-la-uanl-jornada-9-estadio-bbva-lmxf-tv--vix,  - - -,  https--www.ligafemenil.mx-cancha-estadio-1608-estadio-bbva,  Estadio BBVA,  https--www.ligafemenil.mx-cancha-galeria-MTQ1MDY3LzkvNzUvMi8xNA==-rayados-de-monterrey-vs-tigres-de-la-uanl,  ,  https--www.ligafemenil.mx-cancha-playlist-145067-rayados-de-monterrey-vs-tigres-de-la-uanl,  
2024-2025,Clausura,  Sábado 15 de Febrero de 2025-nTemporada 2024-2025-nTorneo Clausura-nJornada 9-n15 Febrero 2025 - 1700 hrs.,  https--www.ligafemenil.mx-cancha-informeArbitral-145068-eyJpZENsdWJsb2NhbCI6MTE3NzgsImlkQ2x1YnZpc2l0YSI6MTIwNDJ9-informe-arbitral-club-atletico-de-san-luis-vs-gallos-blancos-de-queretaro-jornada-9-estadio-alfonso-lastras-ramirez-espn,  - - -,  https--www.ligafemenil.mx-cancha-estadio-14-estadio-alfonso-lastras-ramirez,  Alfonso Lastras Ramírez,  https--www.ligafemenil.mx-cancha-galeria-MTQ1MDY4LzkvNzUvMi8xNA==-club-atletico-de-san-luis-vs-gallos-blancos-de-queretaro,  ,  https--www.ligafemenil.mx-cancha-playlist-145068-club-atletico-de-san-luis-vs-gallos-blancos-de-queretaro,  
2024-2025,Clausura,  Domingo 16 de Febrero de 2025-nTemporada 2024-2025-nTorneo Clausura-nJornada 9-n16 Febrero 2025 - 1200 hrs.,  https--www.ligafemenil.mx-cancha-informeArbitral-145070-eyJpZENsdWJsb2NhbCI6MTE1NDMsImlkQ2x1YnZpc2l0YSI6MTExODF9-informe-arbitral-puebla-fc-vs-cruz-azul-jornada-9-estadio-cuauhtemoc-fox-sports,  - - -,  https--www.ligafemenil.mx-cancha-estadio-9-estadio-cuauhtemoc,  Cuauhtémoc,  https--www.ligafemenil.mx-cancha-galeria-MTQ1MDcwLzkvNzUvMi8xNA==-puebla-fc-vs-cruz-azul,  ,  https--www.ligafemenil.mx-cancha-playlist-145070-puebla-fc-vs-cruz-azul,  
2024-2025,Clausura,  Domingo 16 de Febrero de 2025-nTemporada 2024-2025-nTorneo Clausura-nJornada 9-n16 Febrero 2025 - 1700 hrs.,  https--www.ligafemenil.mx-cancha-informeArbitral-145072-eyJpZENsdWJsb2NhbCI6MTEyNDMsImlkQ2x1YnZpc2l0YSI6MTEyNDV9-informe-arbitral-leon-vs-atlas-jornada-9-estadio-nou-camp-tbd,  - - -,  https--www.ligafemenil.mx-cancha-estadio-23-estadio-nou-camp,  Nou Camp,  https--www.ligafemenil.mx-cancha-galeria-MTQ1MDcyLzkvNzUvMi8xNA==-leon-vs-atlas,  ,  https--www.ligafemenil.mx-cancha-playlist-145072-leon-vs-atlas,  
2024-2025,Clausura,  Domingo 16 de Febrero de 2025-nTemporada 2024-2025-nTorneo Clausura-nJornada 9-n16 Febrero 2025 - 2000 hrs.,  https--www.ligafemenil.mx-cancha-informeArbitral-145074-eyJpZENsdWJsb2NhbCI6MTE3OTUsImlkQ2x1YnZpc2l0YSI6MTIwNTF9-informe-arbitral-fc-juarez-vs-mazatlan-fc-jornada-9-estadio-olimpico-benito-juarez-tbd,  - - -,  https--www.ligafemenil.mx-cancha-estadio-17-estadio-olimpico-benito-juarez,  Olímpico Benito Juárez,  https--www.ligafemenil.mx-cancha-galeria-MTQ1MDc0LzkvNzUvMi8xNA==-fc-juarez-vs-mazatlan-fc,  ,  https--www.ligafemenil.mx-cancha-playlist-145074-fc-juarez-vs-mazatlan-fc,  
2024-2025,Clausura,  Jueves 27 de Febrero de 2025-nTemporada 2024-2025-nTorneo Clausura-nJornada 13-n27 Febrero 2025 - 1800 hrs.,  https--www.ligafemenil.mx-cancha-informeArbitral-145152-eyJpZENsdWJsb2NhbCI6MTExODcsImlkQ2x1YnZpc2l0YSI6MTExODl9-informe-arbitral-toluca-vs-necaxa-jornada-13-estadio-nemesio-diez-lmxf-tv--vix,  - - -,  https--www.ligafemenil.mx-cancha-estadio-6-estadio-nemesio-diez,  Nemesio Diez,  https--www.ligafemenil.mx-cancha-galeria-MTQ1MTUyLzEzLzc1LzIvMTQ=-toluca-vs-necaxa,  ,  https--www.ligafemenil.mx-cancha-playlist-145152-toluca-vs-necaxa,  
2024-2025,Clausura,  Viernes 28 de Febrero de 2025-nTemporada 2024-2025-nTorneo Clausura-nJornada 10-n28 Febrero 2025 - 2000 hrs.,  https--www.ligafemenil.mx-cancha-informeArbitral-145077-eyJpZENsdWJsb2NhbCI6MTExOTEsImlkQ2x1YnZpc2l0YSI6MTE3Nzh9-informe-arbitral-america-vs-club-atletico-de-san-luis-jornada-10-estadio-ciudad-de-los-deportes-lmxf-tv--vix,  - - -,  https--www.ligafemenil.mx-cancha-estadio-2-estadio-ciudad-de-los-deportes,  Ciudad De Los Deportes,  https--www.ligafemenil.mx-cancha-galeria-MTQ1MDc3LzEwLzc1LzIvMTQ=-america-vs-club-atletico-de-san-luis,  ,  https--www.ligafemenil.mx-cancha-playlist-145077-america-vs-club-atletico-de-san-luis,  
2024-2025,Clausura,  Domingo 2 de Marzo de 2025-nTemporada 2024-2025-nTorneo Clausura-nJornada 10-n2 Marzo 2025 - 1600 hrs.,  https--www.ligafemenil.mx-cancha-informeArbitral-145080-eyJpZENsdWJsb2NhbCI6MTExODAsImlkQ2x1YnZpc2l0YSI6MTEyNDN9-informe-arbitral-tijuana-vs-leon-jornada-10-estadio-caliente-calientemx,  - - -,  https--www.ligafemenil.mx-cancha-estadio-48-estadio-caliente,  Caliente,  https--www.ligafemenil.mx-cancha-galeria-MTQ1MDgwLzEwLzc1LzIvMTQ=-tijuana-vs-leon,  ,  https--www.ligafemenil.mx-cancha-playlist-145080-tijuana-vs-leon,  
2024-2025,Clausura,  Domingo 2 de Marzo de 2025-nTemporada 2024-2025-nTorneo Clausura-nJornada 10-n2 Marzo 2025 - 1900 hrs.,  https--www.ligafemenil.mx-cancha-informeArbitral-145082-eyJpZENsdWJsb2NhbCI6MTIwNTEsImlkQ2x1YnZpc2l0YSI6MTE1NDN9-informe-arbitral-mazatlan-fc-vs-puebla-fc-jornada-10-estadio-el-encanto-fox-sports,  - - -,  https--www.ligafemenil.mx-cancha-estadio-1931-estadio-el-encanto,  El Encanto,  https--www.ligafemenil.mx-cancha-galeria-MTQ1MDgyLzEwLzc1LzIvMTQ=-mazatlan-fc-vs-puebla-fc,  ,  https--www.ligafemenil.mx-cancha-playlist-145082-mazatlan-fc-vs-puebla-fc,  
2024-2025,Clausura,  Lunes 3 de Marzo de 2025-nTemporada 2024-2025-nTorneo Clausura-nJornada 10-n3 Marzo 2025 - 1545 hrs.,  https--www.ligafemenil.mx-cancha-informeArbitral-145084-eyJpZENsdWJsb2NhbCI6MTExODEsImlkQ2x1YnZpc2l0YSI6MTExODV9-informe-arbitral-cruz-azul-vs-rayados-de-monterrey-jornada-10-estadio-instalaciones-la-noria-cancha-1-lmxf-tv--vix,  - - -,  https--www.ligafemenil.mx-cancha-estadio-47-estadio-instalaciones-la-noria-cancha-1,  Instalaciones La Noria Cancha 1,  https--www.ligafemenil.mx-cancha-galeria-MTQ1MDg0LzEwLzc1LzIvMTQ=-cruz-azul-vs-rayados-de-monterrey,  ,  https--www.ligafemenil.mx-cancha-playlist-145084-cruz-azul-vs-rayados-de-monterrey,  
2024-2025,Clausura,  Lunes 3 de Marzo de 2025-nTemporada 2024-2025-nTorneo Clausura-nJornada 10-n3 Marzo 2025 - 1900 hrs.,  https--www.ligafemenil.mx-cancha-informeArbitral-145085-eyJpZENsdWJsb2NhbCI6MTEyNDUsImlkQ2x1YnZpc2l0YSI6MTExODh9-informe-arbitral-atlas-vs-pumas-jornada-10-estadio-jalisco-calientemx,  - - -,  https--www.ligafemenil.mx-cancha-estadio-5-estadio-jalisco,  Jalisco,  https--www.ligafemenil.mx-cancha-galeria-MTQ1MDg1LzEwLzc1LzIvMTQ=-atlas-vs-pumas,  ,  https--www.ligafemenil.mx-cancha-playlist-145085-atlas-vs-pumas,  
2024-2025,Clausura,  Lunes 3 de Marzo de 2025-nTemporada 2024-2025-nTorneo Clausura-nJornada 10-n3 Marzo 2025 - 1900 hrs.,  https--www.ligafemenil.mx-cancha-informeArbitral-145088-eyJpZENsdWJsb2NhbCI6MTExODYsImlkQ2x1YnZpc2l0YSI6MTExODJ9-informe-arbitral-tigres-de-la-uanl-vs-guadalajara-jornada-10-estadio-universitario-fox-sports,  - - -,  https--www.ligafemenil.mx-cancha-estadio-12-estadio-universitario,  Universitario,  https--www.ligafemenil.mx-cancha-galeria-MTQ1MDg4LzEwLzc1LzIvMTQ=-tigres-de-la-uanl-vs-guadalajara,  ,  https--www.ligafemenil.mx-cancha-playlist-145088-tigres-de-la-uanl-vs-guadalajara,  
2024-2025,Clausura,  Lunes 3 de Marzo de 2025-nTemporada 2024-2025-nTorneo Clausura-nJornada 10-n3 Marzo 2025 - 2106 hrs.,  https--www.ligafemenil.mx-cancha-informeArbitral-145090-eyJpZENsdWJsb2NhbCI6MTExODQsImlkQ2x1YnZpc2l0YSI6MTExODl9-informe-arbitral-pachuca-vs-necaxa-jornada-10-estadio-hidalgo-tbd,  - - -,  https--www.ligafemenil.mx-cancha-estadio-11-estadio-hidalgo,  Hidalgo,  https--www.ligafemenil.mx-cancha-galeria-MTQ1MDkwLzEwLzc1LzIvMTQ=-pachuca-vs-necaxa,  ,  https--www.ligafemenil.mx-cancha-playlist-145090-pachuca-vs-necaxa,  
2024-2025,Clausura,  Martes 4 de Marzo de 2025-nTemporada 2024-2025-nTorneo Clausura-nJornada 10-n4 Marzo 2025 - 1700 hrs.,  https--www.ligafemenil.mx-cancha-informeArbitral-145091-eyJpZENsdWJsb2NhbCI6MTExODcsImlkQ2x1YnZpc2l0YSI6MTE3OTV9-informe-arbitral-toluca-vs-fc-juarez-jornada-10-estadio-nemesio-diez-lmxf-tv--vix,  - - -,  https--www.ligafemenil.mx-cancha-estadio-6-estadio-nemesio-diez,  Nemesio Diez,  https--www.ligafemenil.mx-cancha-galeria-MTQ1MDkxLzEwLzc1LzIvMTQ=-toluca-vs-fc-juarez,  ,  https--www.ligafemenil.mx-cancha-playlist-145091-toluca-vs-fc-juarez,  
2024-2025,Clausura,  Martes 4 de Marzo de 2025-nTemporada 2024-2025-nTorneo Clausura-nJornada 10-n4 Marzo 2025 - 1900 hrs.,  https--www.ligafemenil.mx-cancha-informeArbitral-145093-eyJpZENsdWJsb2NhbCI6MTIwNDIsImlkQ2x1YnZpc2l0YSI6MTExOTJ9-informe-arbitral-gallos-blancos-de-queretaro-vs-santos-laguna-jornada-10-estadio-la-corregidora-calientemx,  - - -,  https--www.ligafemenil.mx-cancha-estadio-25-estadio-la-corregidora,  La Corregidora,  https--www.ligafemenil.mx-cancha-galeria-MTQ1MDkzLzEwLzc1LzIvMTQ=-gallos-blancos-de-queretaro-vs-santos-laguna,  ,  https--www.ligafemenil.mx-cancha-playlist-145093-gallos-blancos-de-queretaro-vs-santos-laguna,  
2024-2025,Clausura,  Jueves 6 de Marzo de 2025-nTemporada 2024-2025-nTorneo Clausura-nJornada 11-n6 Marzo 2025 - 1700 hrs.,  https--www.ligafemenil.mx-cancha-informeArbitral-145101-eyJpZENsdWJsb2NhbCI6MTExODksImlkQ2x1YnZpc2l0YSI6MTExODZ9-informe-arbitral-necaxa-vs-tigres-de-la-uanl-jornada-11-estadio-victoria-lmxf-tv--vix,  - - -,  https--www.ligafemenil.mx-cancha-estadio-15-estadio-victoria,  Victoria,  https--www.ligafemenil.mx-cancha-galeria-MTQ1MTAxLzExLzc1LzIvMTQ=-necaxa-vs-tigres-de-la-uanl,  ,  https--www.ligafemenil.mx-cancha-playlist-145101-necaxa-vs-tigres-de-la-uanl,  
2024-2025,Clausura,  Jueves 6 de Marzo de 2025-nTemporada 2024-2025-nTorneo Clausura-nJornada 11-n6 Marzo 2025 - 1900 hrs.,  https--www.ligafemenil.mx-cancha-informeArbitral-145104-eyJpZENsdWJsb2NhbCI6MTExODUsImlkQ2x1YnZpc2l0YSI6MTExODR9-informe-arbitral-rayados-de-monterrey-vs-pachuca-jornada-11-estadio-bbva-lmxf-tv--vix,  - - -,  https--www.ligafemenil.mx-cancha-estadio-1608-estadio-bbva,  Estadio BBVA,  https--www.ligafemenil.mx-cancha-galeria-MTQ1MTA0LzExLzc1LzIvMTQ=-rayados-de-monterrey-vs-pachuca,  ,  https--www.ligafemenil.mx-cancha-playlist-145104-rayados-de-monterrey-vs-pachuca,  
2024-2025,Clausura,  Viernes 7 de Marzo de 2025-nTemporada 2024-2025-nTorneo Clausura-nJornada 11-n7 Marzo 2025 - 1600 hrs.,  https--www.ligafemenil.mx-cancha-informeArbitral-145105-eyJpZENsdWJsb2NhbCI6MTExODgsImlkQ2x1YnZpc2l0YSI6MTIwNTF9-informe-arbitral-pumas-vs-mazatlan-fc-jornada-11-estadio-olimpico-universitario-lmxf-tv--vix,  - - -,  https--www.ligafemenil.mx-cancha-estadio-7-estadio-olimpico-universitario,  Olímpico Universitario,  https--www.ligafemenil.mx-cancha-galeria-MTQ1MTA1LzExLzc1LzIvMTQ=-pumas-vs-mazatlan-fc,  ,  https--www.ligafemenil.mx-cancha-playlist-145105-pumas-vs-mazatlan-fc,  
2024-2025,Clausura,  Viernes 7 de Marzo de 2025-nTemporada 2024-2025-nTorneo Clausura-nJornada 11-n7 Marzo 2025 - 1900 hrs.,  https--www.ligafemenil.mx-cancha-informeArbitral-145107-eyJpZENsdWJsb2NhbCI6MTExODIsImlkQ2x1YnZpc2l0YSI6MTExOTF9-informe-arbitral-guadalajara-vs-america-jornada-11-estadio-akron-fox-sports,  - - -,  https--www.ligafemenil.mx-cancha-estadio-1538-estadio-akron,  Estadio AKRON,  https--www.ligafemenil.mx-cancha-galeria-MTQ1MTA3LzExLzc1LzIvMTQ=-guadalajara-vs-america,  ,  https--www.ligafemenil.mx-cancha-playlist-145107-guadalajara-vs-america,  
2024-2025,Clausura,  Domingo 9 de Marzo de 2025-nTemporada 2024-2025-nTorneo Clausura-nJornada 11-n9 Marzo 2025 - 1200 hrs.,  https--www.ligafemenil.mx-cancha-informeArbitral-145109-eyJpZENsdWJsb2NhbCI6MTE1NDMsImlkQ2x1YnZpc2l0YSI6MTExODB9-informe-arbitral-puebla-fc-vs-tijuana-jornada-11-estadio-cuauhtemoc-fox-sports,  - - -,  https--www.ligafemenil.mx-cancha-estadio-9-estadio-cuauhtemoc,  Cuauhtémoc,  https--www.ligafemenil.mx-cancha-galeria-MTQ1MTA5LzExLzc1LzIvMTQ=-puebla-fc-vs-tijuana,  ,  https--www.ligafemenil.mx-cancha-playlist-145109-puebla-fc-vs-tijuana,  
2024-2025,Clausura,  Domingo 9 de Marzo de 2025-nTemporada 2024-2025-nTorneo Clausura-nJornada 11-n9 Marzo 2025 - 1700 hrs.,  https--www.ligafemenil.mx-cancha-informeArbitral-145111-eyJpZENsdWJsb2NhbCI6MTE3NzgsImlkQ2x1YnZpc2l0YSI6MTExODd9-informe-arbitral-club-atletico-de-san-luis-vs-toluca-jornada-11-estadio-alfonso-lastras-ramirez-espn,  - - -,  https--www.ligafemenil.mx-cancha-estadio-14-estadio-alfonso-lastras-ramirez,  Alfonso Lastras Ramírez,  https--www.ligafemenil.mx-cancha-galeria-MTQ1MTExLzExLzc1LzIvMTQ=-club-atletico-de-san-luis-vs-toluca,  ,  https--www.ligafemenil.mx-cancha-playlist-145111-club-atletico-de-san-luis-vs-toluca,  
2024-2025,Clausura,  Lunes 10 de Marzo de 2025-nTemporada 2024-2025-nTorneo Clausura-nJornada 11-n10 Marzo 2025 - 1900 hrs.,  https--www.ligafemenil.mx-cancha-informeArbitral-145112-eyJpZENsdWJsb2NhbCI6MTEyNDMsImlkQ2x1YnZpc2l0YSI6MTIwNDJ9-informe-arbitral-leon-vs-gallos-blancos-de-queretaro-jornada-11-estadio-nou-camp-tbd,  - - -,  https--www.ligafemenil.mx-cancha-estadio-23-estadio-nou-camp,  Nou Camp,  https--www.ligafemenil.mx-cancha-galeria-MTQ1MTEyLzExLzc1LzIvMTQ=-leon-vs-gallos-blancos-de-queretaro,  ,  https--www.ligafemenil.mx-cancha-playlist-145112-leon-vs-gallos-blancos-de-queretaro,  
2024-2025,Clausura,  Lunes 10 de Marzo de 2025-nTemporada 2024-2025-nTorneo Clausura-nJornada 11-n10 Marzo 2025 - 1900 hrs.,  https--www.ligafemenil.mx-cancha-informeArbitral-145114-eyJpZENsdWJsb2NhbCI6MTExOTIsImlkQ2x1YnZpc2l0YSI6MTExODF9-informe-arbitral-santos-laguna-vs-cruz-azul-jornada-11-estadio-tsm-corona-calientemx,  - - -,  https--www.ligafemenil.mx-cancha-estadio-63-estadio-tsm-corona,  TSM Corona,  https--www.ligafemenil.mx-cancha-galeria-MTQ1MTE0LzExLzc1LzIvMTQ=-santos-laguna-vs-cruz-azul,  ,  https--www.ligafemenil.mx-cancha-playlist-145114-santos-laguna-vs-cruz-azul,  
2024-2025,Clausura,  Lunes 10 de Marzo de 2025-nTemporada 2024-2025-nTorneo Clausura-nJornada 11-n10 Marzo 2025 - 2106 hrs.,  https--www.ligafemenil.mx-cancha-informeArbitral-145116-eyJpZENsdWJsb2NhbCI6MTE3OTUsImlkQ2x1YnZpc2l0YSI6MTEyNDV9-informe-arbitral-fc-juarez-vs-atlas-jornada-11-estadio-olimpico-benito-juarez-tbd,  - - -,  https--www.ligafemenil.mx-cancha-estadio-17-estadio-olimpico-benito-juarez,  Olímpico Benito Juárez,  https--www.ligafemenil.mx-cancha-galeria-MTQ1MTE2LzExLzc1LzIvMTQ=-fc-juarez-vs-atlas,  ,  https--www.ligafemenil.mx-cancha-playlist-145116-fc-juarez-vs-atlas,  
2024-2025,Clausura,  Miércoles 12 de Marzo de 2025-nTemporada 2024-2025-nTorneo Clausura-nJornada 12-n12 Marzo 2025 - 1900 hrs.,  https--www.ligafemenil.mx-cancha-informeArbitral-145122-eyJpZENsdWJsb2NhbCI6MTExODQsImlkQ2x1YnZpc2l0YSI6MTExODh9-informe-arbitral-pachuca-vs-pumas-jornada-12-estadio-hidalgo-tbd,  - - -,  https--www.ligafemenil.mx-cancha-estadio-11-estadio-hidalgo,  Hidalgo,  https--www.ligafemenil.mx-cancha-galeria-MTQ1MTIyLzEyLzc1LzIvMTQ=-pachuca-vs-pumas,  ,  https--www.ligafemenil.mx-cancha-playlist-145122-pachuca-vs-pumas,  
2024-2025,Clausura,  Miércoles 12 de Marzo de 2025-nTemporada 2024-2025-nTorneo Clausura-nJornada 12-n12 Marzo 2025 - 2000 hrs.,  https--www.ligafemenil.mx-cancha-informeArbitral-145121-eyJpZENsdWJsb2NhbCI6MTExOTEsImlkQ2x1YnZpc2l0YSI6MTE1NDN9-informe-arbitral-america-vs-puebla-fc-jornada-12-estadio-ciudad-de-los-deportes-lmxf-tv--vix,  - - -,  https--www.ligafemenil.mx-cancha-estadio-2-estadio-ciudad-de-los-deportes,  Ciudad De Los Deportes,  https--www.ligafemenil.mx-cancha-galeria-MTQ1MTIxLzEyLzc1LzIvMTQ=-america-vs-puebla-fc,  ,  https--www.ligafemenil.mx-cancha-playlist-145121-america-vs-puebla-fc,  
2024-2025,Clausura,  Jueves 13 de Marzo de 2025-nTemporada 2024-2025-nTorneo Clausura-nJornada 12-n13 Marzo 2025 - 1545 hrs.,  https--www.ligafemenil.mx-cancha-informeArbitral-145124-eyJpZENsdWJsb2NhbCI6MTExODEsImlkQ2x1YnZpc2l0YSI6MTExODd9-informe-arbitral-cruz-azul-vs-toluca-jornada-12-estadio-instalaciones-la-noria-cancha-1-lmxf-tv--vix,  - - -,  https--www.ligafemenil.mx-cancha-estadio-47-estadio-instalaciones-la-noria-cancha-1,  Instalaciones La Noria Cancha 1,  https--www.ligafemenil.mx-cancha-galeria-MTQ1MTI0LzEyLzc1LzIvMTQ=-cruz-azul-vs-toluca,  ,  https--www.ligafemenil.mx-cancha-playlist-145124-cruz-azul-vs-toluca,  
2024-2025,Clausura,  Jueves 13 de Marzo de 2025-nTemporada 2024-2025-nTorneo Clausura-nJornada 12-n13 Marzo 2025 - 1700 hrs.,  https--www.ligafemenil.mx-cancha-informeArbitral-145126-eyJpZENsdWJsb2NhbCI6MTIwNDIsImlkQ2x1YnZpc2l0YSI6MTExODJ9-informe-arbitral-gallos-blancos-de-queretaro-vs-guadalajara-jornada-12-estadio-la-corregidora-calientemx,  - - -,  https--www.ligafemenil.mx-cancha-estadio-25-estadio-la-corregidora,  La Corregidora,  https--www.ligafemenil.mx-cancha-galeria-MTQ1MTI2LzEyLzc1LzIvMTQ=-gallos-blancos-de-queretaro-vs-guadalajara,  ,  https--www.ligafemenil.mx-cancha-playlist-145126-gallos-blancos-de-queretaro-vs-guadalajara,  
2024-2025,Clausura,  Jueves 13 de Marzo de 2025-nTemporada 2024-2025-nTorneo Clausura-nJornada 12-n13 Marzo 2025 - 1800 hrs.,  https--www.ligafemenil.mx-cancha-informeArbitral-145146-eyJpZENsdWJsb2NhbCI6MTExODksImlkQ2x1YnZpc2l0YSI6MTEyNDN9-informe-arbitral-necaxa-vs-leon-jornada-12-estadio-victoria-lmxf-tv--vix,  - - -,  https--www.ligafemenil.mx-cancha-estadio-15-estadio-victoria,  Victoria,  https--www.ligafemenil.mx-cancha-galeria-MTQ1MTQ2LzEyLzc1LzIvMTQ=-necaxa-vs-leon,  ,  https--www.ligafemenil.mx-cancha-playlist-145146-necaxa-vs-leon,  
2024-2025,Clausura,  Jueves 13 de Marzo de 2025-nTemporada 2024-2025-nTorneo Clausura-nJornada 12-n13 Marzo 2025 - 1900 hrs.,  https--www.ligafemenil.mx-cancha-informeArbitral-145128-eyJpZENsdWJsb2NhbCI6MTEyNDUsImlkQ2x1YnZpc2l0YSI6MTExODV9-informe-arbitral-atlas-vs-rayados-de-monterrey-jornada-12-estadio-jalisco-calientemx,  - - -,  https--www.ligafemenil.mx-cancha-estadio-5-estadio-jalisco,  Jalisco,  https--www.ligafemenil.mx-cancha-galeria-MTQ1MTI4LzEyLzc1LzIvMTQ=-atlas-vs-rayados-de-monterrey,  ,  https--www.ligafemenil.mx-cancha-playlist-145128-atlas-vs-rayados-de-monterrey,  
2024-2025,Clausura,  Jueves 13 de Marzo de 2025-nTemporada 2024-2025-nTorneo Clausura-nJornada 12-n13 Marzo 2025 - 2000 hrs.,  https--www.ligafemenil.mx-cancha-informeArbitral-145145-eyJpZENsdWJsb2NhbCI6MTExODAsImlkQ2x1YnZpc2l0YSI6MTE3OTV9-informe-arbitral-tijuana-vs-fc-juarez-jornada-12-estadio-caliente-calientemx,  - - -,  https--www.ligafemenil.mx-cancha-estadio-48-estadio-caliente,  Caliente,  https--www.ligafemenil.mx-cancha-galeria-MTQ1MTQ1LzEyLzc1LzIvMTQ=-tijuana-vs-fc-juarez,  ,  https--www.ligafemenil.mx-cancha-playlist-145145-tijuana-vs-fc-juarez,  
2024-2025,Clausura,  Viernes 14 de Marzo de 2025-nTemporada 2024-2025-nTorneo Clausura-nJornada 12-n14 Marzo 2025 - 1800 hrs.,  https--www.ligafemenil.mx-cancha-informeArbitral-145147-eyJpZENsdWJsb2NhbCI6MTIwNTEsImlkQ2x1YnZpc2l0YSI6MTE3Nzh9-informe-arbitral-mazatlan-fc-vs-club-atletico-de-san-luis-jornada-12-estadio-el-encanto-fox-sports,  - - -,  https--www.ligafemenil.mx-cancha-estadio-1931-estadio-el-encanto,  El Encanto,  https--www.ligafemenil.mx-cancha-galeria-MTQ1MTQ3LzEyLzc1LzIvMTQ=-mazatlan-fc-vs-club-atletico-de-san-luis,  ,  https--www.ligafemenil.mx-cancha-playlist-145147-mazatlan-fc-vs-club-atletico-de-san-luis,  
2024-2025,Clausura,  Viernes 14 de Marzo de 2025-nTemporada 2024-2025-nTorneo Clausura-nJornada 12-n14 Marzo 2025 - 2106 hrs.,  https--www.ligafemenil.mx-cancha-informeArbitral-145148-eyJpZENsdWJsb2NhbCI6MTExODYsImlkQ2x1YnZpc2l0YSI6MTExOTJ9-informe-arbitral-tigres-de-la-uanl-vs-santos-laguna-jornada-12-estadio-universitario-fox-sports,  - - -,  https--www.ligafemenil.mx-cancha-estadio-12-estadio-universitario,  Universitario,  https--www.ligafemenil.mx-cancha-galeria-MTQ1MTQ4LzEyLzc1LzIvMTQ=-tigres-de-la-uanl-vs-santos-laguna,  ,  https--www.ligafemenil.mx-cancha-playlist-145148-tigres-de-la-uanl-vs-santos-laguna,  
2024-2025,Clausura,  Domingo 16 de Marzo de 2025-nTemporada 2024-2025-nTorneo Clausura-nJornada 13-n16 Marzo 2025 - 1200 hrs.,  https--www.ligafemenil.mx-cancha-informeArbitral-145149-eyJpZENsdWJsb2NhbCI6MTE1NDMsImlkQ2x1YnZpc2l0YSI6MTExODR9-informe-arbitral-puebla-fc-vs-pachuca-jornada-13-estadio-cuauhtemoc-fox-sports,  - - -,  https--www.ligafemenil.mx-cancha-estadio-9-estadio-cuauhtemoc,  Cuauhtémoc,  https--www.ligafemenil.mx-cancha-galeria-MTQ1MTQ5LzEzLzc1LzIvMTQ=-puebla-fc-vs-pachuca,  ,  https--www.ligafemenil.mx-cancha-playlist-145149-puebla-fc-vs-pachuca,  
2024-2025,Clausura,  Domingo 16 de Marzo de 2025-nTemporada 2024-2025-nTorneo Clausura-nJornada 13-n16 Marzo 2025 - 1800 hrs.,  https--www.ligafemenil.mx-cancha-informeArbitral-145150-eyJpZENsdWJsb2NhbCI6MTE3OTUsImlkQ2x1YnZpc2l0YSI6MTExOTF9-informe-arbitral-fc-juarez-vs-america-jornada-13-estadio-olimpico-benito-juarez-tbd,  - - -,  https--www.ligafemenil.mx-cancha-estadio-17-estadio-olimpico-benito-juarez,  Olímpico Benito Juárez,  https--www.ligafemenil.mx-cancha-galeria-MTQ1MTUwLzEzLzc1LzIvMTQ=-fc-juarez-vs-america,  ,  https--www.ligafemenil.mx-cancha-playlist-145150-fc-juarez-vs-america,  
2024-2025,Clausura,  Lunes 17 de Marzo de 2025-nTemporada 2024-2025-nTorneo Clausura-nJornada 13-n17 Marzo 2025 - 1600 hrs.,  https--www.ligafemenil.mx-cancha-informeArbitral-145151-eyJpZENsdWJsb2NhbCI6MTExODgsImlkQ2x1YnZpc2l0YSI6MTExODB9-informe-arbitral-pumas-vs-tijuana-jornada-13-estadio-olimpico-universitario-lmxf-tv--vix,  - - -,  https--www.ligafemenil.mx-cancha-estadio-7-estadio-olimpico-universitario,  Olímpico Universitario,  https--www.ligafemenil.mx-cancha-galeria-MTQ1MTUxLzEzLzc1LzIvMTQ=-pumas-vs-tijuana,  ,  https--www.ligafemenil.mx-cancha-playlist-145151-pumas-vs-tijuana,  
2024-2025,Clausura,  Lunes 17 de Marzo de 2025-nTemporada 2024-2025-nTorneo Clausura-nJornada 13-n17 Marzo 2025 - 1900 hrs.,  https--www.ligafemenil.mx-cancha-informeArbitral-145153-eyJpZENsdWJsb2NhbCI6MTExODYsImlkQ2x1YnZpc2l0YSI6MTIwNTF9-informe-arbitral-tigres-de-la-uanl-vs-mazatlan-fc-jornada-13-estadio-universitario-fox-sports,  - - -,  https--www.ligafemenil.mx-cancha-estadio-12-estadio-universitario,  Universitario,  https--www.ligafemenil.mx-cancha-galeria-MTQ1MTUzLzEzLzc1LzIvMTQ=-tigres-de-la-uanl-vs-mazatlan-fc,  ,  https--www.ligafemenil.mx-cancha-playlist-145153-tigres-de-la-uanl-vs-mazatlan-fc,  
2024-2025,Clausura,  Lunes 17 de Marzo de 2025-nTemporada 2024-2025-nTorneo Clausura-nJornada 13-n17 Marzo 2025 - 2106 hrs.,  https--www.ligafemenil.mx-cancha-informeArbitral-145154-eyJpZENsdWJsb2NhbCI6MTEyNDMsImlkQ2x1YnZpc2l0YSI6MTExODJ9-informe-arbitral-leon-vs-guadalajara-jornada-13-estadio-nou-camp-tbd,  - - -,  https--www.ligafemenil.mx-cancha-estadio-23-estadio-nou-camp,  Nou Camp,  https--www.ligafemenil.mx-cancha-galeria-MTQ1MTU0LzEzLzc1LzIvMTQ=-leon-vs-guadalajara,  ,  https--www.ligafemenil.mx-cancha-playlist-145154-leon-vs-guadalajara,  
2024-2025,Clausura,  Martes 18 de Marzo de 2025-nTemporada 2024-2025-nTorneo Clausura-nJornada 13-n18 Marzo 2025 - 1700 hrs.,  https--www.ligafemenil.mx-cancha-informeArbitral-145155-eyJpZENsdWJsb2NhbCI6MTE3NzgsImlkQ2x1YnZpc2l0YSI6MTExODF9-informe-arbitral-club-atletico-de-san-luis-vs-cruz-azul-jornada-13-estadio-alfonso-lastras-ramirez-espn,  - - -,  https--www.ligafemenil.mx-cancha-estadio-14-estadio-alfonso-lastras-ramirez,  Alfonso Lastras Ramírez,  https--www.ligafemenil.mx-cancha-galeria-MTQ1MTU1LzEzLzc1LzIvMTQ=-club-atletico-de-san-luis-vs-cruz-azul,  ,  https--www.ligafemenil.mx-cancha-playlist-145155-club-atletico-de-san-luis-vs-cruz-azul,  
2024-2025,Clausura,  Martes 18 de Marzo de 2025-nTemporada 2024-2025-nTorneo Clausura-nJornada 13-n18 Marzo 2025 - 1900 hrs.,  https--www.ligafemenil.mx-cancha-informeArbitral-145156-eyJpZENsdWJsb2NhbCI6MTEyNDUsImlkQ2x1YnZpc2l0YSI6MTIwNDJ9-informe-arbitral-atlas-vs-gallos-blancos-de-queretaro-jornada-13-estadio-jalisco-calientemx,  - - -,  https--www.ligafemenil.mx-cancha-estadio-5-estadio-jalisco,  Jalisco,  https--www.ligafemenil.mx-cancha-galeria-MTQ1MTU2LzEzLzc1LzIvMTQ=-atlas-vs-gallos-blancos-de-queretaro,  ,  https--www.ligafemenil.mx-cancha-playlist-145156-atlas-vs-gallos-blancos-de-queretaro,  
2024-2025,Clausura,  Martes 18 de Marzo de 2025-nTemporada 2024-2025-nTorneo Clausura-nJornada 13-n18 Marzo 2025 - 2100 hrs.,  https--www.ligafemenil.mx-cancha-informeArbitral-145157-eyJpZENsdWJsb2NhbCI6MTExOTIsImlkQ2x1YnZpc2l0YSI6MTExODV9-informe-arbitral-santos-laguna-vs-rayados-de-monterrey-jornada-13-estadio-tsm-corona-calientemx,  - - -,  https--www.ligafemenil.mx-cancha-estadio-63-estadio-tsm-corona,  TSM Corona,  https--www.ligafemenil.mx-cancha-galeria-MTQ1MTU3LzEzLzc1LzIvMTQ=-santos-laguna-vs-rayados-de-monterrey,  ,  https--www.ligafemenil.mx-cancha-playlist-145157-santos-laguna-vs-rayados-de-monterrey,  
2024-2025,Clausura,  Jueves 20 de Marzo de 2025-nTemporada 2024-2025-nTorneo Clausura-nJornada 14-n20 Marzo 2025 - 1700 hrs.,  https--www.ligafemenil.mx-cancha-informeArbitral-145163-eyJpZENsdWJsb2NhbCI6MTExODQsImlkQ2x1YnZpc2l0YSI6MTExODd9-informe-arbitral-pachuca-vs-toluca-jornada-14-estadio-hidalgo-tbd,  - - -,  https--www.ligafemenil.mx-cancha-estadio-11-estadio-hidalgo,  Hidalgo,  https--www.ligafemenil.mx-cancha-galeria-MTQ1MTYzLzE0Lzc1LzIvMTQ=-pachuca-vs-toluca,  ,  https--www.ligafemenil.mx-cancha-playlist-145163-pachuca-vs-toluca,  
2024-2025,Clausura,  Viernes 21 de Marzo de 2025-nTemporada 2024-2025-nTorneo Clausura-nJornada 14-n21 Marzo 2025 - 2000 hrs.,  https--www.ligafemenil.mx-cancha-informeArbitral-145158-eyJpZENsdWJsb2NhbCI6MTExODAsImlkQ2x1YnZpc2l0YSI6MTIwNTF9-informe-arbitral-tijuana-vs-mazatlan-fc-jornada-14-estadio-caliente-calientemx,  - - -,  https--www.ligafemenil.mx-cancha-estadio-48-estadio-caliente,  Caliente,  https--www.ligafemenil.mx-cancha-galeria-MTQ1MTU4LzE0Lzc1LzIvMTQ=-tijuana-vs-mazatlan-fc,  ,  https--www.ligafemenil.mx-cancha-playlist-145158-tijuana-vs-mazatlan-fc,  
2024-2025,Clausura,  Sábado 22 de Marzo de 2025-nTemporada 2024-2025-nTorneo Clausura-nJornada 14-n22 Marzo 2025 - 1545 hrs.,  https--www.ligafemenil.mx-cancha-informeArbitral-145159-eyJpZENsdWJsb2NhbCI6MTExODEsImlkQ2x1YnZpc2l0YSI6MTEyNDN9-informe-arbitral-cruz-azul-vs-leon-jornada-14-estadio-instalaciones-la-noria-cancha-1-lmxf-tv--vix,  - - -,  https--www.ligafemenil.mx-cancha-estadio-1549-estadio-instalaciones-la-noria-cancha-1,  Instalaciones la Noria Cancha 1,  https--www.ligafemenil.mx-cancha-galeria-MTQ1MTU5LzE0Lzc1LzIvMTQ=-cruz-azul-vs-leon,  ,  https--www.ligafemenil.mx-cancha-playlist-145159-cruz-azul-vs-leon,  
2024-2025,Clausura,  Sábado 22 de Marzo de 2025-nTemporada 2024-2025-nTorneo Clausura-nJornada 14-n22 Marzo 2025 - 1800 hrs.,  https--www.ligafemenil.mx-cancha-informeArbitral-145160-eyJpZENsdWJsb2NhbCI6MTExODksImlkQ2x1YnZpc2l0YSI6MTE3Nzh9-informe-arbitral-necaxa-vs-club-atletico-de-san-luis-jornada-14-estadio-victoria-lmxf-tv--vix,  - - -,  https--www.ligafemenil.mx-cancha-estadio-15-estadio-victoria,  Victoria,  https--www.ligafemenil.mx-cancha-galeria-MTQ1MTYwLzE0Lzc1LzIvMTQ=-necaxa-vs-club-atletico-de-san-luis,  ,  https--www.ligafemenil.mx-cancha-playlist-145160-necaxa-vs-club-atletico-de-san-luis,  
2024-2025,Clausura,  Sábado 22 de Marzo de 2025-nTemporada 2024-2025-nTorneo Clausura-nJornada 14-n22 Marzo 2025 - 2010 hrs.,  https--www.ligafemenil.mx-cancha-informeArbitral-145161-eyJpZENsdWJsb2NhbCI6MTExOTEsImlkQ2x1YnZpc2l0YSI6MTExODZ9-informe-arbitral-america-vs-tigres-de-la-uanl-jornada-14-estadio-ciudad-de-los-deportes-lmxf-tv--vix,  - - -,  https--www.ligafemenil.mx-cancha-estadio-2-estadio-ciudad-de-los-deportes,  Ciudad De Los Deportes,  https--www.ligafemenil.mx-cancha-galeria-MTQ1MTYxLzE0Lzc1LzIvMTQ=-america-vs-tigres-de-la-uanl,  ,  https--www.ligafemenil.mx-cancha-playlist-145161-america-vs-tigres-de-la-uanl,  
2024-2025,Clausura,  Domingo 23 de Marzo de 2025-nTemporada 2024-2025-nTorneo Clausura-nJornada 14-n23 Marzo 2025 - 1200 hrs.,  https--www.ligafemenil.mx-cancha-informeArbitral-145162-eyJpZENsdWJsb2NhbCI6MTE1NDMsImlkQ2x1YnZpc2l0YSI6MTExOTJ9-informe-arbitral-puebla-fc-vs-santos-laguna-jornada-14-estadio-cuauhtemoc-fox-sports,  - - -,  https--www.ligafemenil.mx-cancha-estadio-9-estadio-cuauhtemoc,  Cuauhtémoc,  https--www.ligafemenil.mx-cancha-galeria-MTQ1MTYyLzE0Lzc1LzIvMTQ=-puebla-fc-vs-santos-laguna,  ,  https--www.ligafemenil.mx-cancha-playlist-145162-puebla-fc-vs-santos-laguna,  
2024-2025,Clausura,  Domingo 23 de Marzo de 2025-nTemporada 2024-2025-nTorneo Clausura-nJornada 14-n23 Marzo 2025 - 1906 hrs.,  https--www.ligafemenil.mx-cancha-informeArbitral-145164-eyJpZENsdWJsb2NhbCI6MTExODIsImlkQ2x1YnZpc2l0YSI6MTEyNDV9-informe-arbitral-guadalajara-vs-atlas-jornada-14-estadio-akron-fox-sports,  - - -,  https--www.ligafemenil.mx-cancha-estadio-1538-estadio-akron,  Estadio AKRON,  https--www.ligafemenil.mx-cancha-galeria-MTQ1MTY0LzE0Lzc1LzIvMTQ=-guadalajara-vs-atlas,  ,  https--www.ligafemenil.mx-cancha-playlist-145164-guadalajara-vs-atlas,  
2024-2025,Clausura,  Lunes 24 de Marzo de 2025-nTemporada 2024-2025-nTorneo Clausura-nJornada 14-n24 Marzo 2025 - 1800 hrs.,  https--www.ligafemenil.mx-cancha-informeArbitral-145165-eyJpZENsdWJsb2NhbCI6MTIwNDIsImlkQ2x1YnZpc2l0YSI6MTExODh9-informe-arbitral-gallos-blancos-de-queretaro-vs-pumas-jornada-14-estadio-olimpico-alameda-calientemx,  - - -,  https--www.ligafemenil.mx-cancha-estadio-1741-estadio-olimpico-alameda,  Estadio Olímpico Alameda,  https--www.ligafemenil.mx-cancha-galeria-MTQ1MTY1LzE0Lzc1LzIvMTQ=-gallos-blancos-de-queretaro-vs-pumas,  ,  https--www.ligafemenil.mx-cancha-playlist-145165-gallos-blancos-de-queretaro-vs-pumas,  
2024-2025,Clausura,  Lunes 24 de Marzo de 2025-nTemporada 2024-2025-nTorneo Clausura-nJornada 15-n24 Marzo 2025 - 1805 hrs.,  https--www.ligafemenil.mx-cancha-informeArbitral-145174-eyJpZENsdWJsb2NhbCI6MTExODAsImlkQ2x1YnZpc2l0YSI6MTExODR9-informe-arbitral-tijuana-vs-pachuca-jornada-15-estadio-caliente-calientemx,  - - -,  https--www.ligafemenil.mx-cancha-estadio-48-estadio-caliente,  Caliente,  https--www.ligafemenil.mx-cancha-galeria-MTQ1MTc0LzE1Lzc1LzIvMTQ=-tijuana-vs-pachuca,  ,  https--www.ligafemenil.mx-cancha-playlist-145174-tijuana-vs-pachuca,  
2024-2025,Clausura,  Lunes 24 de Marzo de 2025-nTemporada 2024-2025-nTorneo Clausura-nJornada 14-n24 Marzo 2025 - 2000 hrs.,  https--www.ligafemenil.mx-cancha-informeArbitral-145166-eyJpZENsdWJsb2NhbCI6MTExODUsImlkQ2x1YnZpc2l0YSI6MTE3OTV9-informe-arbitral-rayados-de-monterrey-vs-fc-juarez-jornada-14-estadio-bbva-lmxf-tv--vix,  - - -,  https--www.ligafemenil.mx-cancha-estadio-1608-estadio-bbva,  Estadio BBVA,  https--www.ligafemenil.mx-cancha-galeria-MTQ1MTY2LzE0Lzc1LzIvMTQ=-rayados-de-monterrey-vs-fc-juarez,  ,  https--www.ligafemenil.mx-cancha-playlist-145166-rayados-de-monterrey-vs-fc-juarez,  
2024-2025,Clausura,  Viernes 28 de Marzo de 2025-nTemporada 2024-2025-nTorneo Clausura-nJornada 15-n28 Marzo 2025 - 1545 hrs.,  https--www.ligafemenil.mx-cancha-informeArbitral-145167-eyJpZENsdWJsb2NhbCI6MTExODEsImlkQ2x1YnZpc2l0YSI6MTIwNDJ9-informe-arbitral-cruz-azul-vs-gallos-blancos-de-queretaro-jornada-15-estadio-instalaciones-la-noria-cancha-1-lmxf-tv--vix,  - - -,  https--www.ligafemenil.mx-cancha-estadio-1549-estadio-instalaciones-la-noria-cancha-1,  Instalaciones la Noria Cancha 1,  https--www.ligafemenil.mx-cancha-galeria-MTQ1MTY3LzE1Lzc1LzIvMTQ=-cruz-azul-vs-gallos-blancos-de-queretaro,  ,  https--www.ligafemenil.mx-cancha-playlist-145167-cruz-azul-vs-gallos-blancos-de-queretaro,  
2024-2025,Clausura,  Viernes 28 de Marzo de 2025-nTemporada 2024-2025-nTorneo Clausura-nJornada 15-n28 Marzo 2025 - 1700 hrs.,  https--www.ligafemenil.mx-cancha-informeArbitral-145168-eyJpZENsdWJsb2NhbCI6MTIwNTEsImlkQ2x1YnZpc2l0YSI6MTExODl9-informe-arbitral-mazatlan-fc-vs-necaxa-jornada-15-estadio-el-encanto-fox-sports,  - - -,  https--www.ligafemenil.mx-cancha-estadio-1931-estadio-el-encanto,  El Encanto,  https--www.ligafemenil.mx-cancha-galeria-MTQ1MTY4LzE1Lzc1LzIvMTQ=-mazatlan-fc-vs-necaxa,  ,  https--www.ligafemenil.mx-cancha-playlist-145168-mazatlan-fc-vs-necaxa,  
2024-2025,Clausura,  Viernes 28 de Marzo de 2025-nTemporada 2024-2025-nTorneo Clausura-nJornada 15-n28 Marzo 2025 - 2000 hrs.,  https--www.ligafemenil.mx-cancha-informeArbitral-145169-eyJpZENsdWJsb2NhbCI6MTExOTIsImlkQ2x1YnZpc2l0YSI6MTExOTF9-informe-arbitral-santos-laguna-vs-america-jornada-15-estadio-tsm-corona-calientemx,  - - -,  https--www.ligafemenil.mx-cancha-estadio-63-estadio-tsm-corona,  TSM Corona,  https--www.ligafemenil.mx-cancha-galeria-MTQ1MTY5LzE1Lzc1LzIvMTQ=-santos-laguna-vs-america,  ,  https--www.ligafemenil.mx-cancha-playlist-145169-santos-laguna-vs-america,  
2024-2025,Clausura,  Sábado 29 de Marzo de 2025-nTemporada 2024-2025-nTorneo Clausura-nJornada 15-n29 Marzo 2025 - 1700 hrs.,  https--www.ligafemenil.mx-cancha-informeArbitral-145170-eyJpZENsdWJsb2NhbCI6MTEyNDMsImlkQ2x1YnZpc2l0YSI6MTExODh9-informe-arbitral-leon-vs-pumas-jornada-15-estadio-nou-camp-tbd,  - - -,  https--www.ligafemenil.mx-cancha-estadio-23-estadio-nou-camp,  Nou Camp,  https--www.ligafemenil.mx-cancha-galeria-MTQ1MTcwLzE1Lzc1LzIvMTQ=-leon-vs-pumas,  ,  https--www.ligafemenil.mx-cancha-playlist-145170-leon-vs-pumas,  
2024-2025,Clausura,  Domingo 30 de Marzo de 2025-nTemporada 2024-2025-nTorneo Clausura-nJornada 15-n30 Marzo 2025 - 1200 hrs.,  https--www.ligafemenil.mx-cancha-informeArbitral-145171-eyJpZENsdWJsb2NhbCI6MTExODcsImlkQ2x1YnZpc2l0YSI6MTExODV9-informe-arbitral-toluca-vs-rayados-de-monterrey-jornada-15-estadio-nemesio-diez-lmxf-tv--vix,  - - -,  https--www.ligafemenil.mx-cancha-estadio-6-estadio-nemesio-diez,  Nemesio Diez,  https--www.ligafemenil.mx-cancha-galeria-MTQ1MTcxLzE1Lzc1LzIvMTQ=-toluca-vs-rayados-de-monterrey,  ,  https--www.ligafemenil.mx-cancha-playlist-145171-toluca-vs-rayados-de-monterrey,  
2024-2025,Clausura,  Domingo 30 de Marzo de 2025-nTemporada 2024-2025-nTorneo Clausura-nJornada 15-n30 Marzo 2025 - 1700 hrs.,  https--www.ligafemenil.mx-cancha-informeArbitral-145172-eyJpZENsdWJsb2NhbCI6MTE3NzgsImlkQ2x1YnZpc2l0YSI6MTEyNDV9-informe-arbitral-club-atletico-de-san-luis-vs-atlas-jornada-15-estadio-alfonso-lastras-ramirez-espn,  - - -,  https--www.ligafemenil.mx-cancha-estadio-14-estadio-alfonso-lastras-ramirez,  Alfonso Lastras Ramírez,  https--www.ligafemenil.mx-cancha-galeria-MTQ1MTcyLzE1Lzc1LzIvMTQ=-club-atletico-de-san-luis-vs-atlas,  ,  https--www.ligafemenil.mx-cancha-playlist-145172-club-atletico-de-san-luis-vs-atlas,  
2024-2025,Clausura,  Domingo 30 de Marzo de 2025-nTemporada 2024-2025-nTorneo Clausura-nJornada 15-n30 Marzo 2025 - 1700 hrs.,  https--www.ligafemenil.mx-cancha-informeArbitral-145173-eyJpZENsdWJsb2NhbCI6MTExODIsImlkQ2x1YnZpc2l0YSI6MTE1NDN9-informe-arbitral-guadalajara-vs-puebla-fc-jornada-15-estadio-akron,  - - -,  https--www.ligafemenil.mx-cancha-estadio-1538-estadio-akron,  Estadio AKRON,  https--www.ligafemenil.mx-cancha-galeria-MTQ1MTczLzE1Lzc1LzIvMTQ=-guadalajara-vs-puebla-fc,  ,  https--www.ligafemenil.mx-cancha-playlist-145173-guadalajara-vs-puebla-fc,  
2024-2025,Clausura,  Domingo 30 de Marzo de 2025-nTemporada 2024-2025-nTorneo Clausura-nJornada 15-n30 Marzo 2025 - 2106 hrs.,  https--www.ligafemenil.mx-cancha-informeArbitral-145175-eyJpZENsdWJsb2NhbCI6MTExODYsImlkQ2x1YnZpc2l0YSI6MTE3OTV9-informe-arbitral-tigres-de-la-uanl-vs-fc-juarez-jornada-15-estadio-universitario-fox-sports,  - - -,  https--www.ligafemenil.mx-cancha-estadio-12-estadio-universitario,  Universitario,  https--www.ligafemenil.mx-cancha-galeria-MTQ1MTc1LzE1Lzc1LzIvMTQ=-tigres-de-la-uanl-vs-fc-juarez,  ,  https--www.ligafemenil.mx-cancha-playlist-145175-tigres-de-la-uanl-vs-fc-juarez,  
2024-2025,Clausura,  Sábado 12 de Abril de 2025-nTemporada 2024-2025-nTorneo Clausura-nJornada 16-n12 Abril 2025 - 1600 hrs.,  https--www.ligafemenil.mx-cancha-informeArbitral-145176-eyJpZENsdWJsb2NhbCI6MTExODksImlkQ2x1YnZpc2l0YSI6MTExODF9-informe-arbitral-necaxa-vs-cruz-azul-jornada-16-estadio-victoria-lmxf-tv--vix,  - - -,  https--www.ligafemenil.mx-cancha-estadio-15-estadio-victoria,  Victoria,  https--www.ligafemenil.mx-cancha-galeria-MTQ1MTc2LzE2Lzc1LzIvMTQ=-necaxa-vs-cruz-azul,  ,  https--www.ligafemenil.mx-cancha-playlist-145176-necaxa-vs-cruz-azul,  
2024-2025,Clausura,  Domingo 13 de Abril de 2025-nTemporada 2024-2025-nTorneo Clausura-nJornada 16-n13 Abril 2025 - 1200 hrs.,  https--www.ligafemenil.mx-cancha-informeArbitral-145177-eyJpZENsdWJsb2NhbCI6MTE1NDMsImlkQ2x1YnZpc2l0YSI6MTExODd9-informe-arbitral-puebla-fc-vs-toluca-jornada-16-estadio-cuauhtemoc-fox-sports,  - - -,  https--www.ligafemenil.mx-cancha-estadio-9-estadio-cuauhtemoc,  Cuauhtémoc,  https--www.ligafemenil.mx-cancha-galeria-MTQ1MTc3LzE2Lzc1LzIvMTQ=-puebla-fc-vs-toluca,  ,  https--www.ligafemenil.mx-cancha-playlist-145177-puebla-fc-vs-toluca,  
2024-2025,Clausura,  Domingo 13 de Abril de 2025-nTemporada 2024-2025-nTorneo Clausura-nJornada 16-n13 Abril 2025 - 1200 hrs.,  https--www.ligafemenil.mx-cancha-informeArbitral-145178-eyJpZENsdWJsb2NhbCI6MTExODgsImlkQ2x1YnZpc2l0YSI6MTExODZ9-informe-arbitral-pumas-vs-tigres-de-la-uanl-jornada-16-estadio-olimpico-universitario-lmxf-tv--vix,  - - -,  https--www.ligafemenil.mx-cancha-estadio-7-estadio-olimpico-universitario,  Olímpico Universitario,  https--www.ligafemenil.mx-cancha-galeria-MTQ1MTc4LzE2Lzc1LzIvMTQ=-pumas-vs-tigres-de-la-uanl,  ,  https--www.ligafemenil.mx-cancha-playlist-145178-pumas-vs-tigres-de-la-uanl,  
2024-2025,Clausura,  Domingo 13 de Abril de 2025-nTemporada 2024-2025-nTorneo Clausura-nJornada 16-n13 Abril 2025 - 1700 hrs.,  https--www.ligafemenil.mx-cancha-informeArbitral-145179-eyJpZENsdWJsb2NhbCI6MTEyNDUsImlkQ2x1YnZpc2l0YSI6MTIwNTF9-informe-arbitral-atlas-vs-mazatlan-fc-jornada-16-estadio-jalisco-calientemx,  - - -,  https--www.ligafemenil.mx-cancha-estadio-5-estadio-jalisco,  Jalisco,  https--www.ligafemenil.mx-cancha-galeria-MTQ1MTc5LzE2Lzc1LzIvMTQ=-atlas-vs-mazatlan-fc,  ,  https--www.ligafemenil.mx-cancha-playlist-145179-atlas-vs-mazatlan-fc,  
2024-2025,Clausura,  Domingo 13 de Abril de 2025-nTemporada 2024-2025-nTorneo Clausura-nJornada 16-n13 Abril 2025 - 1700 hrs.,  https--www.ligafemenil.mx-cancha-informeArbitral-145182-eyJpZENsdWJsb2NhbCI6MTExOTEsImlkQ2x1YnZpc2l0YSI6MTExODB9-informe-arbitral-america-vs-tijuana-jornada-16-estadio-ciudad-de-los-deportes-lmxf-tv--vix,  - - -,  https--www.ligafemenil.mx-cancha-estadio-2-estadio-ciudad-de-los-deportes,  Ciudad De Los Deportes,  https--www.ligafemenil.mx-cancha-galeria-MTQ1MTgyLzE2Lzc1LzIvMTQ=-america-vs-tijuana,  ,  https--www.ligafemenil.mx-cancha-playlist-145182-america-vs-tijuana,  
2024-2025,Clausura,  Domingo 13 de Abril de 2025-nTemporada 2024-2025-nTorneo Clausura-nJornada 16-n13 Abril 2025 - 1900 hrs.,  https--www.ligafemenil.mx-cancha-informeArbitral-145180-eyJpZENsdWJsb2NhbCI6MTExODQsImlkQ2x1YnZpc2l0YSI6MTExODJ9-informe-arbitral-pachuca-vs-guadalajara-jornada-16-estadio-hidalgo-tbd,  - - -,  https--www.ligafemenil.mx-cancha-estadio-11-estadio-hidalgo,  Hidalgo,  https--www.ligafemenil.mx-cancha-galeria-MTQ1MTgwLzE2Lzc1LzIvMTQ=-pachuca-vs-guadalajara,  ,  https--www.ligafemenil.mx-cancha-playlist-145180-pachuca-vs-guadalajara,  
2024-2025,Clausura,  Domingo 13 de Abril de 2025-nTemporada 2024-2025-nTorneo Clausura-nJornada 16-n13 Abril 2025 - 2106 hrs.,  https--www.ligafemenil.mx-cancha-informeArbitral-145181-eyJpZENsdWJsb2NhbCI6MTE3OTUsImlkQ2x1YnZpc2l0YSI6MTE3Nzh9-informe-arbitral-fc-juarez-vs-club-atletico-de-san-luis-jornada-16-estadio-olimpico-benito-juarez-tbd,  - - -,  https--www.ligafemenil.mx-cancha-estadio-17-estadio-olimpico-benito-juarez,  Olímpico Benito Juárez,  https--www.ligafemenil.mx-cancha-galeria-MTQ1MTgxLzE2Lzc1LzIvMTQ=-fc-juarez-vs-club-atletico-de-san-luis,  ,  https--www.ligafemenil.mx-cancha-playlist-145181-fc-juarez-vs-club-atletico-de-san-luis,  
2024-2025,Clausura,  Lunes 14 de Abril de 2025-nTemporada 2024-2025-nTorneo Clausura-nJornada 16-n14 Abril 2025 - 2100 hrs.,  https--www.ligafemenil.mx-cancha-informeArbitral-145183-eyJpZENsdWJsb2NhbCI6MTExODUsImlkQ2x1YnZpc2l0YSI6MTIwNDJ9-informe-arbitral-rayados-de-monterrey-vs-gallos-blancos-de-queretaro-jornada-16-estadio-bbva-lmxf-tv--vix,  - - -,  https--www.ligafemenil.mx-cancha-estadio-1608-estadio-bbva,  Estadio BBVA,  https--www.ligafemenil.mx-cancha-galeria-MTQ1MTgzLzE2Lzc1LzIvMTQ=-rayados-de-monterrey-vs-gallos-blancos-de-queretaro,  ,  https--www.ligafemenil.mx-cancha-playlist-145183-rayados-de-monterrey-vs-gallos-blancos-de-queretaro,  
2024-2025,Clausura,  Lunes 14 de Abril de 2025-nTemporada 2024-2025-nTorneo Clausura-nJornada 16-n14 Abril 2025 - 2106 hrs.,  https--www.ligafemenil.mx-cancha-informeArbitral-145184-eyJpZENsdWJsb2NhbCI6MTEyNDMsImlkQ2x1YnZpc2l0YSI6MTExOTJ9-informe-arbitral-leon-vs-santos-laguna-jornada-16-estadio-nou-camp-tbd,  - - -,  https--www.ligafemenil.mx-cancha-estadio-23-estadio-nou-camp,  Nou Camp,  https--www.ligafemenil.mx-cancha-galeria-MTQ1MTg0LzE2Lzc1LzIvMTQ=-leon-vs-santos-laguna,  ,  https--www.ligafemenil.mx-cancha-playlist-145184-leon-vs-santos-laguna,  
2024-2025,Clausura,  Jueves 17 de Abril de 2025-nTemporada 2024-2025-nTorneo Clausura-nJornada 17-n17 Abril 2025 - 1545 hrs.,  https--www.ligafemenil.mx-cancha-informeArbitral-145185-eyJpZENsdWJsb2NhbCI6MTExODEsImlkQ2x1YnZpc2l0YSI6MTE3OTV9-informe-arbitral-cruz-azul-vs-fc-juarez-jornada-17-estadio-instalaciones-la-noria-cancha-1-lmxf-tv--vix,  - - -,  https--www.ligafemenil.mx-cancha-estadio-1549-estadio-instalaciones-la-noria-cancha-1,  Instalaciones la Noria Cancha 1,  https--www.ligafemenil.mx-cancha-galeria-MTQ1MTg1LzE3Lzc1LzIvMTQ=-cruz-azul-vs-fc-juarez,  ,  https--www.ligafemenil.mx-cancha-playlist-145185-cruz-azul-vs-fc-juarez,  
2024-2025,Clausura,  Jueves 17 de Abril de 2025-nTemporada 2024-2025-nTorneo Clausura-nJornada 17-n17 Abril 2025 - 1700 hrs.,  https--www.ligafemenil.mx-cancha-informeArbitral-145186-eyJpZENsdWJsb2NhbCI6MTE3NzgsImlkQ2x1YnZpc2l0YSI6MTE1NDN9-informe-arbitral-club-atletico-de-san-luis-vs-puebla-fc-jornada-17-estadio-alfonso-lastras-ramirez-espn,  - - -,  https--www.ligafemenil.mx-cancha-estadio-14-estadio-alfonso-lastras-ramirez,  Alfonso Lastras Ramírez,  https--www.ligafemenil.mx-cancha-galeria-MTQ1MTg2LzE3Lzc1LzIvMTQ=-club-atletico-de-san-luis-vs-puebla-fc,  ,  https--www.ligafemenil.mx-cancha-playlist-145186-club-atletico-de-san-luis-vs-puebla-fc,  
2024-2025,Clausura,  Jueves 17 de Abril de 2025-nTemporada 2024-2025-nTorneo Clausura-nJornada 17-n17 Abril 2025 - 1900 hrs.,  https--www.ligafemenil.mx-cancha-informeArbitral-145187-eyJpZENsdWJsb2NhbCI6MTExODIsImlkQ2x1YnZpc2l0YSI6MTExODh9-informe-arbitral-guadalajara-vs-pumas-jornada-17-estadio-akron-fox-sports,  - - -,  https--www.ligafemenil.mx-cancha-estadio-1538-estadio-akron,  Estadio AKRON,  https--www.ligafemenil.mx-cancha-galeria-MTQ1MTg3LzE3Lzc1LzIvMTQ=-guadalajara-vs-pumas,  ,  https--www.ligafemenil.mx-cancha-playlist-145187-guadalajara-vs-pumas,  
2024-2025,Clausura,  Jueves 17 de Abril de 2025-nTemporada 2024-2025-nTorneo Clausura-nJornada 17-n17 Abril 2025 - 2006 hrs.,  https--www.ligafemenil.mx-cancha-informeArbitral-145188-eyJpZENsdWJsb2NhbCI6MTIwNTEsImlkQ2x1YnZpc2l0YSI6MTExOTJ9-informe-arbitral-mazatlan-fc-vs-santos-laguna-jornada-17-estadio-el-encanto-fox-sports,  - - -,  https--www.ligafemenil.mx-cancha-estadio-1931-estadio-el-encanto,  El Encanto,  https--www.ligafemenil.mx-cancha-galeria-MTQ1MTg4LzE3Lzc1LzIvMTQ=-mazatlan-fc-vs-santos-laguna,  ,  https--www.ligafemenil.mx-cancha-playlist-145188-mazatlan-fc-vs-santos-laguna,  
2024-2025,Clausura,  Viernes 18 de Abril de 2025-nTemporada 2024-2025-nTorneo Clausura-nJornada 17-n18 Abril 2025 - 1700 hrs.,  https--www.ligafemenil.mx-cancha-informeArbitral-145189-eyJpZENsdWJsb2NhbCI6MTIwNDIsImlkQ2x1YnZpc2l0YSI6MTExODl9-informe-arbitral-gallos-blancos-de-queretaro-vs-necaxa-jornada-17-estadio-la-corregidora-calientemx,  - - -,  https--www.ligafemenil.mx-cancha-estadio-25-estadio-la-corregidora,  La Corregidora,  https--www.ligafemenil.mx-cancha-galeria-MTQ1MTg5LzE3Lzc1LzIvMTQ=-gallos-blancos-de-queretaro-vs-necaxa,  ,  https--www.ligafemenil.mx-cancha-playlist-145189-gallos-blancos-de-queretaro-vs-necaxa,  
2024-2025,Clausura,  Viernes 18 de Abril de 2025-nTemporada 2024-2025-nTorneo Clausura-nJornada 17-n18 Abril 2025 - 1700 hrs.,  https--www.ligafemenil.mx-cancha-informeArbitral-145190-eyJpZENsdWJsb2NhbCI6MTExODcsImlkQ2x1YnZpc2l0YSI6MTExOTF9-informe-arbitral-toluca-vs-america-jornada-17-estadio-nemesio-diez-lmxf-tv--vix,  - - -,  https--www.ligafemenil.mx-cancha-estadio-6-estadio-nemesio-diez,  Nemesio Diez,  https--www.ligafemenil.mx-cancha-galeria-MTQ1MTkwLzE3Lzc1LzIvMTQ=-toluca-vs-america,  ,  https--www.ligafemenil.mx-cancha-playlist-145190-toluca-vs-america,  
2024-2025,Clausura,  Viernes 18 de Abril de 2025-nTemporada 2024-2025-nTorneo Clausura-nJornada 17-n18 Abril 2025 - 1800 hrs.,  https--www.ligafemenil.mx-cancha-informeArbitral-145191-eyJpZENsdWJsb2NhbCI6MTExODAsImlkQ2x1YnZpc2l0YSI6MTEyNDV9-informe-arbitral-tijuana-vs-atlas-jornada-17-estadio-caliente-calientemx,  - - -,  https--www.ligafemenil.mx-cancha-estadio-48-estadio-caliente,  Caliente,  https--www.ligafemenil.mx-cancha-galeria-MTQ1MTkxLzE3Lzc1LzIvMTQ=-tijuana-vs-atlas,  ,  https--www.ligafemenil.mx-cancha-playlist-145191-tijuana-vs-atlas,  
2024-2025,Clausura,  Viernes 18 de Abril de 2025-nTemporada 2024-2025-nTorneo Clausura-nJornada 17-n18 Abril 2025 - 1900 hrs.,  https--www.ligafemenil.mx-cancha-informeArbitral-145192-eyJpZENsdWJsb2NhbCI6MTExODQsImlkQ2x1YnZpc2l0YSI6MTExODZ9-informe-arbitral-pachuca-vs-tigres-de-la-uanl-jornada-17-estadio-hidalgo-tbd,  - - -,  https--www.ligafemenil.mx-cancha-estadio-11-estadio-hidalgo,  Hidalgo,  https--www.ligafemenil.mx-cancha-galeria-MTQ1MTkyLzE3Lzc1LzIvMTQ=-pachuca-vs-tigres-de-la-uanl,  ,  https--www.ligafemenil.mx-cancha-playlist-145192-pachuca-vs-tigres-de-la-uanl,  
2024-2025,Clausura,  Viernes 18 de Abril de 2025-nTemporada 2024-2025-nTorneo Clausura-nJornada 17-n18 Abril 2025 - 2010 hrs.,  https--www.ligafemenil.mx-cancha-informeArbitral-145193-eyJpZENsdWJsb2NhbCI6MTExODUsImlkQ2x1YnZpc2l0YSI6MTEyNDN9-informe-arbitral-rayados-de-monterrey-vs-leon-jornada-17-estadio-bbva-lmxf-tv--vix,  - - -,  https--www.ligafemenil.mx-cancha-estadio-1608-estadio-bbva,  Estadio BBVA,  https--www.ligafemenil.mx-cancha-galeria-MTQ1MTkzLzE3Lzc1LzIvMTQ=-rayados-de-monterrey-vs-leon,  ,  https--www.ligafemenil.mx-cancha-playlist-145193-rayados-de-monterrey-vs-le